original_gene_id,original_id,tested,significant,portable_name,resolved_name,portable_name_source,resolution_source,native_symbol,swissprot_accession,swissprot_gene_symbol,eggnog_preferred_name,annotation_taxonomy,annotation_match,included_background,included_foreground,included_in_gprofiler,duplicate_group,exclusion_reason
tx001,tx001,TRUE,TRUE,ISY1,ISY1,swissprot_gene_symbol,swissprot_gene_symbol,NA,NA,ISY1,ISY1,33208|Metazoa,TRUE,TRUE,TRUE,TRUE,NA,NA
tx002,tx002,TRUE,TRUE,BUD13,BUD13,swissprot_gene_symbol,swissprot_gene_symbol,NA,NA,BUD13,BUD13,33208|Metazoa,TRUE,TRUE,TRUE,TRUE,NA,NA
tx003,tx003,TRUE,TRUE,SF3B6,SF3B6,swissprot_gene_symbol,swissprot_gene_symbol,NA,NA,SF3B6,SF3B6,33208|Metazoa,TRUE,TRUE,TRUE,TRUE,NA,NA
tx004,tx004,TRUE,TRUE,U2AF2,U2AF2,swissprot_gene_symbol,swissprot_gene_symbol,NA,NA,U2AF2,U2AF2,33208|Metazoa,TRUE,TRUE,TRUE,TRUE,NA,NA
tx005,tx005,TRUE,TRUE,SF3B1,SF3B1,swissprot_gene_symbol,swissprot_gene_symbol,NA,NA,SF3B1,SF3B1,33208|Metazoa,TRUE,TRUE,TRUE,TRUE,NA,NA
tx006,tx006,TRUE,TRUE,DDX46,DDX46,swissprot_gene_symbol,swissprot_gene_symbol,NA,NA,DDX46,DDX46,33208|Metazoa,TRUE,TRUE,TRUE,TRUE,NA,NA
tx007,tx007,TRUE,TRUE,SF3A2,SF3A2,swissprot_gene_symbol,swissprot_gene_symbol,NA,NA,SF3A2,SF3A2,33208|Metazoa,TRUE,TRUE,TRUE,TRUE,NA,NA
tx008,tx008,TRUE,TRUE,DDX42,DDX42,swissprot_gene_symbol,swissprot_gene_symbol,NA,NA,DDX42,DDX42,33208|Metazoa,TRUE,TRUE,TRUE,TRUE,NA,NA
tx009,tx009,TRUE,TRUE,PUF60,PUF60,swissprot_gene_symbol,swissprot_gene_symbol,NA,NA,PUF60,PUF60,33208|Metazoa,TRUE,TRUE,TRUE,TRUE,NA,NA
tx010,tx010,TRUE,TRUE,SF3B3,SF3B3,swissprot_gene_symbol,swissprot_gene_symbol,NA,NA,SF3B3,SF3B3,33208|Metazoa,TRUE,TRUE,TRUE,TRUE,NA,NA
tx011,tx011,TRUE,TRUE,SNIP1,SNIP1,swissprot_gene_symbol,swissprot_gene_symbol,NA,NA,SNIP1,SNIP1,33208|Metazoa,TRUE,TRUE,TRUE,TRUE,NA,NA
tx012,tx012,TRUE,TRUE,SLU7,SLU7,swissprot_gene_symbol,swissprot_gene_symbol,NA,NA,SLU7,SLU7,33208|Metazoa,TRUE,TRUE,TRUE,TRUE,NA,NA
tx013,tx013,TRUE,TRUE,SRPK3,SRPK3,swissprot_gene_symbol,swissprot_gene_symbol,NA,NA,SRPK3,SRPK3,33208|Metazoa,TRUE,TRUE,TRUE,TRUE,NA,NA
tx014,tx014,TRUE,TRUE,SF3A1,SF3A1,swissprot_gene_symbol,swissprot_gene_symbol,NA,NA,SF3A1,SF3A1,33208|Metazoa,TRUE,TRUE,TRUE,TRUE,NA,NA
tx015,tx015,TRUE,TRUE,SF3A3,SF3A3,swissprot_gene_symbol,swissprot_gene_symbol,NA,NA,SF3A3,SF3A3,33208|Metazoa,TRUE,TRUE,TRUE,TRUE,NA,NA
tx016,tx016,TRUE,TRUE,PHF5A,PHF5A,swissprot_gene_symbol,swissprot_gene_symbol,NA,NA,PHF5A,PHF5A,33208|Metazoa,TRUE,TRUE,TRUE,TRUE,NA,NA
tx017,tx017,TRUE,TRUE,DDX23,DDX23,swissprot_gene_symbol,swissprot_gene_symbol,NA,NA,DDX23,DDX23,33208|Metazoa,TRUE,TRUE,TRUE,TRUE,NA,NA
tx018,tx018,TRUE,TRUE,RBMX2,RBMX2,swissprot_gene_symbol,swissprot_gene_symbol,NA,NA,RBMX2,RBMX2,33208|Metazoa,TRUE,TRUE,TRUE,TRUE,NA,NA
tx019,tx019,TRUE,TRUE,NCBP1,NCBP1,swissprot_gene_symbol,swissprot_gene_symbol,NA,NA,NCBP1,NCBP1,33208|Metazoa,TRUE,TRUE,TRUE,TRUE,NCBP1,NA
tx020,tx020,TRUE,TRUE,NCBP1,NCBP1,swissprot_gene_symbol,swissprot_gene_symbol,NA,NA,NCBP1,NCBP1,33208|Metazoa,TRUE,FALSE,FALSE,FALSE,NCBP1,duplicate_resolved_name
tx021,tx021,TRUE,TRUE,SF3B4,SF3B4,swissprot_gene_symbol,swissprot_gene_symbol,NA,NA,SF3B4,SF3B4,33208|Metazoa,TRUE,TRUE,TRUE,TRUE,NA,NA
tx022,tx022,TRUE,TRUE,SF3B2,SF3B2,swissprot_gene_symbol,swissprot_gene_symbol,NA,NA,SF3B2,SF3B2,33208|Metazoa,TRUE,TRUE,TRUE,TRUE,NA,NA
tx023,tx023,TRUE,TRUE,SF3B5,SF3B5,swissprot_gene_symbol,swissprot_gene_symbol,NA,NA,SF3B5,SF3B5,33208|Metazoa,TRUE,TRUE,TRUE,TRUE,NA,NA
tx024,tx024,TRUE,TRUE,SRSF7,SRSF7,swissprot_gene_symbol,swissprot_gene_symbol,NA,NA,SRSF7,SRSF7,33208|Metazoa,TRUE,TRUE,TRUE,TRUE,NA,NA
tx025,tx025,TRUE,FALSE,PTBP1,PTBP1,swissprot_gene_symbol,swissprot_gene_symbol,NA,NA,PTBP1,PTBP1,33208|Metazoa,TRUE,TRUE,FALSE,TRUE,NA,NA
tx026,tx026,TRUE,FALSE,LSM7,LSM7,swissprot_gene_symbol,swissprot_gene_symbol,NA,NA,LSM7,LSM7,33208|Metazoa,TRUE,TRUE,FALSE,TRUE,NA,NA
tx027,tx027,TRUE,FALSE,RBM19,RBM19,swissprot_gene_symbol,swissprot_gene_symbol,NA,NA,RBM19,RBM19,33208|Metazoa,TRUE,TRUE,FALSE,TRUE,NA,NA
tx028,tx028,TRUE,FALSE,TIA1,TIA1,swissprot_gene_symbol,swissprot_gene_symbol,NA,NA,TIA1,TIA1,33208|Metazoa,TRUE,TRUE,FALSE,TRUE,NA,NA
tx029,tx029,TRUE,FALSE,RBM25,RBM25,swissprot_gene_symbol,swissprot_gene_symbol,NA,NA,RBM25,RBM25,33208|Metazoa,TRUE,TRUE,FALSE,TRUE,NA,NA
tx030,tx030,TRUE,FALSE,RBM42,RBM42,swissprot_gene_symbol,swissprot_gene_symbol,NA,NA,RBM42,RBM42,33208|Metazoa,TRUE,TRUE,FALSE,TRUE,NA,NA
tx031,tx031,TRUE,FALSE,DCPS,DCPS,swissprot_gene_symbol,swissprot_gene_symbol,NA,NA,DCPS,DCPS,33208|Metazoa,TRUE,TRUE,FALSE,TRUE,NA,NA
tx032,tx032,TRUE,FALSE,LSM8,LSM8,swissprot_gene_symbol,swissprot_gene_symbol,NA,NA,LSM8,LSM8,33208|Metazoa,TRUE,TRUE,FALSE,TRUE,NA,NA
tx033,tx033,TRUE,FALSE,CWC22,CWC22,swissprot_gene_symbol,swissprot_gene_symbol,NA,NA,CWC22,CWC22,33208|Metazoa,TRUE,TRUE,FALSE,TRUE,NA,NA
tx034,tx034,TRUE,FALSE,DHX8,DHX8,swissprot_gene_symbol,swissprot_gene_symbol,NA,NA,DHX8,DHX8,33208|Metazoa,TRUE,TRUE,FALSE,TRUE,NA,NA
tx035,tx035,TRUE,FALSE,LSM6,LSM6,swissprot_gene_symbol,swissprot_gene_symbol,NA,NA,LSM6,LSM6,33208|Metazoa,TRUE,TRUE,FALSE,TRUE,NA,NA
tx036,tx036,TRUE,FALSE,SDE2,SDE2,swissprot_gene_symbol,swissprot_gene_symbol,NA,NA,SDE2,SDE2,33208|Metazoa,TRUE,TRUE,FALSE,TRUE,NA,NA
tx037,tx037,TRUE,FALSE,RBM47,RBM47,swissprot_gene_symbol,swissprot_gene_symbol,NA,NA,RBM47,RBM47,33208|Metazoa,TRUE,TRUE,FALSE,TRUE,NA,NA
tx038,tx038,TRUE,FALSE,RBM22,RBM22,swissprot_gene_symbol,swissprot_gene_symbol,NA,NA,RBM22,RBM22,33208|Metazoa,TRUE,TRUE,FALSE,TRUE,NA,NA
tx039,tx039,TRUE,FALSE,RBM10,RBM10,swissprot_gene_symbol,swissprot_gene_symbol,NA,NA,RBM10,RBM10,33208|Metazoa,TRUE,TRUE,FALSE,TRUE,NA,NA
tx040,tx040,TRUE,FALSE,PRP4K,PRP4K,swissprot_gene_symbol,swissprot_gene_symbol,NA,NA,PRP4K,PRP4K,33208|Metazoa,TRUE,TRUE,FALSE,TRUE,NA,NA
tx041,tx041,TRUE,FALSE,ZMAT2,ZMAT2,swissprot_gene_symbol,swissprot_gene_symbol,NA,NA,ZMAT2,ZMAT2,33208|Metazoa,TRUE,TRUE,FALSE,TRUE,NA,NA
tx042,tx042,TRUE,FALSE,AQR,AQR,swissprot_gene_symbol,swissprot_gene_symbol,NA,NA,AQR,AQR,33208|Metazoa,TRUE,TRUE,FALSE,TRUE,NA,NA
tx043,tx043,TRUE,FALSE,SMU1,SMU1,swissprot_gene_symbol,swissprot_gene_symbol,NA,NA,SMU1,SMU1,33208|Metazoa,TRUE,TRUE,FALSE,TRUE,NA,NA
tx044,tx044,TRUE,FALSE,DBR1,DBR1,swissprot_gene_symbol,swissprot_gene_symbol,NA,NA,DBR1,DBR1,33208|Metazoa,TRUE,TRUE,FALSE,TRUE,NA,NA
tx045,tx045,TRUE,FALSE,RBM39,RBM39,swissprot_gene_symbol,swissprot_gene_symbol,NA,NA,RBM39,RBM39,33208|Metazoa,TRUE,TRUE,FALSE,TRUE,NA,NA
tx046,tx046,TRUE,FALSE,LARP7,LARP7,swissprot_gene_symbol,swissprot_gene_symbol,NA,NA,LARP7,LARP7,33208|Metazoa,TRUE,TRUE,FALSE,TRUE,NA,NA
tx047,tx047,TRUE,FALSE,PPIE,PPIE,swissprot_gene_symbol,swissprot_gene_symbol,NA,NA,PPIE,PPIE,33208|Metazoa,TRUE,TRUE,FALSE,TRUE,NA,NA
tx048,tx048,TRUE,FALSE,RBM11,RBM11,swissprot_gene_symbol,swissprot_gene_symbol,NA,NA,RBM11,RBM11,33208|Metazoa,TRUE,TRUE,FALSE,TRUE,NA,NA
tx049,tx049,TRUE,FALSE,SNW1,SNW1,swissprot_gene_symbol,swissprot_gene_symbol,NA,NA,SNW1,SNW1,33208|Metazoa,TRUE,TRUE,FALSE,TRUE,NA,NA
tx050,tx050,TRUE,FALSE,LSM5,LSM5,swissprot_gene_symbol,swissprot_gene_symbol,NA,NA,LSM5,LSM5,33208|Metazoa,TRUE,TRUE,FALSE,TRUE,NA,NA
tx051,tx051,TRUE,FALSE,NCBP2,NCBP2,swissprot_gene_symbol,swissprot_gene_symbol,NA,NA,NCBP2,NCBP2,33208|Metazoa,TRUE,TRUE,FALSE,TRUE,NA,NA
tx052,tx052,TRUE,FALSE,TRA2B,TRA2B,swissprot_gene_symbol,swissprot_gene_symbol,NA,NA,TRA2B,TRA2B,33208|Metazoa,TRUE,TRUE,FALSE,TRUE,NA,NA
tx053,tx053,TRUE,FALSE,NUP98,NUP98,swissprot_gene_symbol,swissprot_gene_symbol,NA,NA,NUP98,NUP98,33208|Metazoa,TRUE,TRUE,FALSE,TRUE,NA,NA
tx054,tx054,TRUE,FALSE,CDC5L,CDC5L,swissprot_gene_symbol,swissprot_gene_symbol,NA,NA,CDC5L,CDC5L,33208|Metazoa,TRUE,TRUE,FALSE,TRUE,NA,NA
tx055,tx055,TRUE,FALSE,LSM4,LSM4,swissprot_gene_symbol,swissprot_gene_symbol,NA,NA,LSM4,LSM4,33208|Metazoa,TRUE,TRUE,FALSE,TRUE,NA,NA
tx056,tx056,TRUE,FALSE,WBP4,WBP4,swissprot_gene_symbol,swissprot_gene_symbol,NA,NA,WBP4,WBP4,33208|Metazoa,TRUE,TRUE,FALSE,TRUE,NA,NA
tx057,tx057,TRUE,FALSE,SRRM2,SRRM2,swissprot_gene_symbol,swissprot_gene_symbol,NA,NA,SRRM2,SRRM2,33208|Metazoa,TRUE,TRUE,FALSE,TRUE,NA,NA
tx058,tx058,TRUE,FALSE,LSM3,LSM3,swissprot_gene_symbol,swissprot_gene_symbol,NA,NA,LSM3,LSM3,33208|Metazoa,TRUE,TRUE,FALSE,TRUE,NA,NA
tx059,tx059,TRUE,FALSE,PRPF3,PRPF3,swissprot_gene_symbol,swissprot_gene_symbol,NA,NA,PRPF3,PRPF3,33208|Metazoa,TRUE,TRUE,FALSE,TRUE,NA,NA
tx060,tx060,TRUE,FALSE,MFAP1,MFAP1,swissprot_gene_symbol,swissprot_gene_symbol,NA,NA,MFAP1,MFAP1,33208|Metazoa,TRUE,TRUE,FALSE,TRUE,NA,NA
tx061,tx061,TRUE,FALSE,SYF2,SYF2,swissprot_gene_symbol,swissprot_gene_symbol,NA,NA,SYF2,SYF2,33208|Metazoa,TRUE,TRUE,FALSE,TRUE,NA,NA
tx062,tx062,TRUE,FALSE,NOVA1,NOVA1,swissprot_gene_symbol,swissprot_gene_symbol,NA,NA,NOVA1,NOVA1,33208|Metazoa,TRUE,TRUE,FALSE,TRUE,NA,NA
tx063,tx063,TRUE,FALSE,LSM2,LSM2,swissprot_gene_symbol,swissprot_gene_symbol,NA,NA,LSM2,LSM2,33208|Metazoa,TRUE,TRUE,FALSE,TRUE,NA,NA
tx064,tx064,TRUE,FALSE,SART3,SART3,swissprot_gene_symbol,swissprot_gene_symbol,NA,NA,SART3,SART3,33208|Metazoa,TRUE,TRUE,FALSE,TRUE,NA,NA
tx065,tx065,TRUE,FALSE,SNRPA,SNRPA,swissprot_gene_symbol,swissprot_gene_symbol,NA,NA,SNRPA,SNRPA,33208|Metazoa,TRUE,TRUE,FALSE,TRUE,NA,NA
tx066,tx066,TRUE,FALSE,PQBP1,PQBP1,swissprot_gene_symbol,swissprot_gene_symbol,NA,NA,PQBP1,PQBP1,33208|Metazoa,TRUE,TRUE,FALSE,TRUE,NA,NA
tx067,tx067,TRUE,FALSE,RBM8A,RBM8A,swissprot_gene_symbol,swissprot_gene_symbol,NA,NA,RBM8A,RBM8A,33208|Metazoa,TRUE,TRUE,FALSE,TRUE,NA,NA
tx068,tx068,TRUE,FALSE,SRRM1,SRRM1,swissprot_gene_symbol,swissprot_gene_symbol,NA,NA,SRRM1,SRRM1,33208|Metazoa,TRUE,TRUE,FALSE,TRUE,NA,NA
tx069,tx069,TRUE,FALSE,NHP2,NHP2,swissprot_gene_symbol,swissprot_gene_symbol,NA,NA,NHP2,NHP2,33208|Metazoa,TRUE,TRUE,FALSE,TRUE,NA,NA
tx070,tx070,TRUE,FALSE,RBM3,RBM3,swissprot_gene_symbol,swissprot_gene_symbol,NA,NA,RBM3,RBM3,33208|Metazoa,TRUE,TRUE,FALSE,TRUE,NA,NA
tx071,tx071,TRUE,FALSE,SENP7,SENP7,swissprot_gene_symbol,swissprot_gene_symbol,NA,NA,SENP7,SENP7,33208|Metazoa,TRUE,TRUE,FALSE,TRUE,NA,NA
tx072,tx072,TRUE,FALSE,U2AF1,U2AF1,swissprot_gene_symbol,swissprot_gene_symbol,NA,NA,U2AF1,U2AF1,33208|Metazoa,TRUE,TRUE,FALSE,TRUE,NA,NA
tx073,tx073,TRUE,FALSE,ZCRB1,ZCRB1,swissprot_gene_symbol,swissprot_gene_symbol,NA,NA,ZCRB1,ZCRB1,33208|Metazoa,TRUE,TRUE,FALSE,TRUE,NA,NA
tx074,tx074,TRUE,FALSE,DDX17,DDX17,swissprot_gene_symbol,swissprot_gene_symbol,NA,NA,DDX17,DDX17,33208|Metazoa,TRUE,TRUE,FALSE,TRUE,NA,NA
tx075,tx075,TRUE,FALSE,SRSF3,SRSF3,swissprot_gene_symbol,swissprot_gene_symbol,NA,NA,SRSF3,SRSF3,33208|Metazoa,TRUE,TRUE,FALSE,TRUE,NA,NA
tx076,tx076,TRUE,FALSE,PLRG1,PLRG1,swissprot_gene_symbol,swissprot_gene_symbol,NA,NA,PLRG1,PLRG1,33208|Metazoa,TRUE,TRUE,FALSE,TRUE,NA,NA
tx077,tx077,TRUE,FALSE,PPIL1,PPIL1,swissprot_gene_symbol,swissprot_gene_symbol,NA,NA,PPIL1,PPIL1,33208|Metazoa,TRUE,TRUE,FALSE,TRUE,NA,NA
tx078,tx078,TRUE,FALSE,DDX41,DDX41,swissprot_gene_symbol,swissprot_gene_symbol,NA,NA,DDX41,DDX41,33208|Metazoa,TRUE,TRUE,FALSE,TRUE,NA,NA
tx079,tx079,TRUE,FALSE,UBL5,UBL5,swissprot_gene_symbol,swissprot_gene_symbol,NA,NA,UBL5,UBL5,33208|Metazoa,TRUE,TRUE,FALSE,TRUE,NA,NA
tx080,tx080,TRUE,FALSE,BUD31,BUD31,swissprot_gene_symbol,swissprot_gene_symbol,NA,NA,BUD31,BUD31,33208|Metazoa,TRUE,TRUE,FALSE,TRUE,NA,NA
tx081,tx081,TRUE,FALSE,YJU2,YJU2,swissprot_gene_symbol,swissprot_gene_symbol,NA,NA,YJU2,YJU2,33208|Metazoa,TRUE,TRUE,FALSE,TRUE,NA,NA
tx082,tx082,TRUE,FALSE,DHX15,DHX15,swissprot_gene_symbol,swissprot_gene_symbol,NA,NA,DHX15,DHX15,33208|Metazoa,TRUE,TRUE,FALSE,TRUE,NA,NA
tx083,tx083,TRUE,FALSE,CWC27,CWC27,swissprot_gene_symbol,swissprot_gene_symbol,NA,NA,CWC27,CWC27,33208|Metazoa,TRUE,TRUE,FALSE,TRUE,NA,NA
tx084,tx084,TRUE,FALSE,MTREX,MTREX,swissprot_gene_symbol,swissprot_gene_symbol,NA,NA,MTREX,MTREX,33208|Metazoa,TRUE,TRUE,FALSE,TRUE,NA,NA
tx085,tx085,TRUE,FALSE,TGS1,TGS1,swissprot_gene_symbol,swissprot_gene_symbol,NA,NA,TGS1,TGS1,33208|Metazoa,TRUE,TRUE,FALSE,TRUE,NA,NA
tx086,tx086,TRUE,FALSE,ESS2,ESS2,swissprot_gene_symbol,swissprot_gene_symbol,NA,NA,ESS2,ESS2,33208|Metazoa,TRUE,TRUE,FALSE,TRUE,NA,NA
tx087,tx087,TRUE,FALSE,MBNL1,MBNL1,swissprot_gene_symbol,swissprot_gene_symbol,NA,NA,MBNL1,MBNL1,33208|Metazoa,TRUE,TRUE,FALSE,TRUE,NA,NA
tx088,tx088,TRUE,FALSE,GLOD4,GLOD4,swissprot_gene_symbol,swissprot_gene_symbol,NA,NA,GLOD4,GLOD4,33208|Metazoa,TRUE,TRUE,FALSE,TRUE,NA,NA
tx089,tx089,TRUE,FALSE,PSMD1,PSMD1,swissprot_gene_symbol,swissprot_gene_symbol,NA,NA,PSMD1,PSMD1,33208|Metazoa,TRUE,TRUE,FALSE,TRUE,NA,NA
tx090,tx090,TRUE,FALSE,ADRM1,ADRM1,swissprot_gene_symbol,swissprot_gene_symbol,NA,NA,ADRM1,ADRM1,33208|Metazoa,TRUE,TRUE,FALSE,TRUE,NA,NA
tx091,tx091,TRUE,FALSE,PSMD2,PSMD2,swissprot_gene_symbol,swissprot_gene_symbol,NA,NA,PSMD2,PSMD2,33208|Metazoa,TRUE,TRUE,FALSE,TRUE,NA,NA
tx092,tx092,TRUE,FALSE,PSMD4,PSMD4,swissprot_gene_symbol,swissprot_gene_symbol,NA,NA,PSMD4,PSMD4,33208|Metazoa,TRUE,TRUE,FALSE,TRUE,NA,NA
tx093,tx093,TRUE,FALSE,PSMD7,PSMD7,swissprot_gene_symbol,swissprot_gene_symbol,NA,NA,PSMD7,PSMD7,33208|Metazoa,TRUE,TRUE,FALSE,TRUE,NA,NA
tx094,tx094,TRUE,FALSE,PSMD3,PSMD3,swissprot_gene_symbol,swissprot_gene_symbol,NA,NA,PSMD3,PSMD3,33208|Metazoa,TRUE,TRUE,FALSE,TRUE,NA,NA
tx095,tx095,TRUE,FALSE,PSMD6,PSMD6,swissprot_gene_symbol,swissprot_gene_symbol,NA,NA,PSMD6,PSMD6,33208|Metazoa,TRUE,TRUE,FALSE,TRUE,NA,NA
tx096,tx096,TRUE,FALSE,PSMD9,PSMD9,swissprot_gene_symbol,swissprot_gene_symbol,NA,NA,PSMD9,PSMD9,33208|Metazoa,TRUE,TRUE,FALSE,TRUE,NA,NA
tx097,tx097,TRUE,FALSE,PSMD8,PSMD8,swissprot_gene_symbol,swissprot_gene_symbol,NA,NA,PSMD8,PSMD8,33208|Metazoa,TRUE,TRUE,FALSE,TRUE,NA,NA
tx098,tx098,TRUE,FALSE,PSME3,PSME3,swissprot_gene_symbol,swissprot_gene_symbol,NA,NA,PSME3,PSME3,33208|Metazoa,TRUE,TRUE,FALSE,TRUE,NA,NA
tx099,tx099,TRUE,FALSE,UBE3C,UBE3C,swissprot_gene_symbol,swissprot_gene_symbol,NA,NA,UBE3C,UBE3C,33208|Metazoa,TRUE,TRUE,FALSE,TRUE,NA,NA
tx100,tx100,TRUE,FALSE,UCHL5,UCHL5,swissprot_gene_symbol,swissprot_gene_symbol,NA,NA,UCHL5,UCHL5,33208|Metazoa,TRUE,TRUE,FALSE,TRUE,NA,NA
tx101,tx101,TRUE,FALSE,SEM1,SEM1,swissprot_gene_symbol,swissprot_gene_symbol,NA,NA,SEM1,SEM1,33208|Metazoa,TRUE,TRUE,FALSE,TRUE,NA,NA
tx102,tx102,TRUE,FALSE,NDE1,NDE1,swissprot_gene_symbol,swissprot_gene_symbol,NA,NA,NDE1,NDE1,33208|Metazoa,TRUE,TRUE,FALSE,TRUE,NA,NA
tx103,tx103,TRUE,FALSE,TTK,TTK,swissprot_gene_symbol,swissprot_gene_symbol,NA,NA,TTK,TTK,33208|Metazoa,TRUE,TRUE,FALSE,TRUE,NA,NA
tx104,tx104,TRUE,FALSE,CKAP5,CKAP5,swissprot_gene_symbol,swissprot_gene_symbol,NA,NA,CKAP5,CKAP5,33208|Metazoa,TRUE,TRUE,FALSE,TRUE,NA,NA
tx105,tx105,TRUE,FALSE,PLK1,PLK1,swissprot_gene_symbol,swissprot_gene_symbol,NA,NA,PLK1,PLK1,33208|Metazoa,TRUE,TRUE,FALSE,TRUE,NA,NA
tx106,tx106,TRUE,FALSE,SIN3A,SIN3A,swissprot_gene_symbol,swissprot_gene_symbol,NA,NA,SIN3A,SIN3A,33208|Metazoa,TRUE,TRUE,FALSE,TRUE,NA,NA
tx107,tx107,TRUE,FALSE,KAT8,KAT8,swissprot_gene_symbol,swissprot_gene_symbol,NA,NA,KAT8,KAT8,33208|Metazoa,TRUE,TRUE,FALSE,TRUE,NA,NA
tx108,tx108,TRUE,FALSE,CBX5,CBX5,swissprot_gene_symbol,swissprot_gene_symbol,NA,NA,CBX5,CBX5,33208|Metazoa,TRUE,TRUE,FALSE,TRUE,NA,NA
tx109,tx109,TRUE,FALSE,PINX1,PINX1,swissprot_gene_symbol,swissprot_gene_symbol,NA,NA,PINX1,PINX1,33208|Metazoa,TRUE,TRUE,FALSE,TRUE,NA,NA
tx110,tx110,TRUE,FALSE,KAT5,KAT5,swissprot_gene_symbol,swissprot_gene_symbol,NA,NA,KAT5,KAT5,33208|Metazoa,TRUE,TRUE,FALSE,TRUE,NA,NA
tx111,tx111,TRUE,FALSE,DCTN1,DCTN1,swissprot_gene_symbol,swissprot_gene_symbol,NA,NA,DCTN1,DCTN1,33208|Metazoa,TRUE,TRUE,FALSE,TRUE,NA,NA
tx112,tx112,TRUE,FALSE,ORC2,ORC2,swissprot_gene_symbol,swissprot_gene_symbol,NA,NA,ORC2,ORC2,33208|Metazoa,TRUE,TRUE,FALSE,TRUE,NA,NA
tx113,tx113,TRUE,FALSE,CDC20,CDC20,swissprot_gene_symbol,swissprot_gene_symbol,NA,NA,CDC20,CDC20,33208|Metazoa,TRUE,TRUE,FALSE,TRUE,NA,NA
tx114,tx114,TRUE,FALSE,LRWD1,LRWD1,swissprot_gene_symbol,swissprot_gene_symbol,NA,NA,LRWD1,LRWD1,33208|Metazoa,TRUE,TRUE,FALSE,TRUE,NA,NA
tx115,tx115,TRUE,FALSE,CENPE,CENPE,swissprot_gene_symbol,swissprot_gene_symbol,NA,NA,CENPE,CENPE,33208|Metazoa,TRUE,TRUE,FALSE,TRUE,NA,NA
tx116,tx116,TRUE,FALSE,BUB3,BUB3,swissprot_gene_symbol,swissprot_gene_symbol,NA,NA,BUB3,BUB3,33208|Metazoa,TRUE,TRUE,FALSE,TRUE,NA,NA
tx117,tx117,TRUE,FALSE,XPO1,XPO1,swissprot_gene_symbol,swissprot_gene_symbol,NA,NA,XPO1,XPO1,33208|Metazoa,TRUE,TRUE,FALSE,TRUE,NA,NA
tx118,tx118,TRUE,FALSE,CHMP3,CHMP3,swissprot_gene_symbol,swissprot_gene_symbol,NA,NA,CHMP3,CHMP3,33208|Metazoa,TRUE,TRUE,FALSE,TRUE,NA,NA
tx119,tx119,TRUE,FALSE,NA,NA,NA,NA,NA,NA,NA,NA,NA,FALSE,FALSE,FALSE,FALSE,NA,no portable canonical name
tx120,tx120,TRUE,FALSE,NA,NA,NA,NA,NA,NA,NA,NA,NA,FALSE,FALSE,FALSE,FALSE,NA,no portable canonical name
