gene_id	control_1	control_2	treated_1	treated_2
tx001	47	56	63	72
tx002	54	67	76	89
tx003	61	78	89	106
tx004	68	89	102	123
tx005	75	100	115	140
tx006	82	111	128	56
tx007	89	122	141	73
tx008	96	133	57	90
tx009	103	55	70	107
tx010	110	66	83	124
tx011	117	77	96	141
tx012	124	88	109	57
tx013	40	99	122	74
tx014	47	110	135	91
tx015	54	121	51	108
tx016	61	132	64	125
tx017	68	54	77	142
tx018	75	65	90	58
tx019	82	76	103	75
tx020	89	87	116	92
tx021	96	98	129	109
tx022	103	109	142	126
tx023	110	120	58	143
tx024	117	131	71	59
tx025	124	53	84	76
tx026	40	64	97	93
tx027	47	75	110	110
tx028	54	86	123	127
tx029	61	97	136	144
tx030	68	108	52	60
tx031	75	119	65	77
tx032	82	130	78	94
tx033	89	52	91	111
tx034	96	63	104	128
tx035	103	74	117	145
tx036	110	85	130	61
tx037	117	96	143	78
tx038	124	107	59	95
tx039	40	118	72	112
tx040	47	129	85	129
tx041	54	51	98	146
tx042	61	62	111	62
tx043	68	73	124	79
tx044	75	84	137	96
tx045	82	95	53	113
tx046	89	106	66	130
tx047	96	117	79	147
tx048	103	128	92	63
tx049	110	50	105	80
tx050	117	61	118	97
tx051	124	72	131	114
tx052	40	83	144	131
tx053	47	94	60	148
tx054	54	105	73	64
tx055	61	116	86	81
tx056	68	127	99	98
tx057	75	49	112	115
tx058	82	60	125	132
tx059	89	71	138	149
tx060	96	82	54	65
tx061	103	93	67	82
tx062	110	104	80	99
tx063	117	115	93	116
tx064	124	126	106	133
tx065	40	48	119	150
tx066	47	59	132	66
tx067	54	70	145	83
tx068	61	81	61	100
tx069	68	92	74	117
tx070	75	103	87	134
tx071	82	114	100	151
tx072	89	125	113	67
tx073	96	47	126	84
tx074	103	58	139	101
tx075	110	69	55	118
tx076	117	80	68	135
tx077	124	91	81	152
tx078	40	102	94	68
tx079	47	113	107	85
tx080	54	124	120	102
tx081	61	46	133	119
tx082	68	57	146	136
tx083	75	68	62	153
tx084	82	79	75	69
tx085	89	90	88	86
tx086	96	101	101	103
tx087	103	112	114	120
tx088	110	123	127	137
tx089	117	45	140	154
tx090	124	56	56	70
tx091	40	67	69	87
tx092	47	78	82	104
tx093	54	89	95	121
tx094	61	100	108	138
tx095	68	111	121	155
tx096	75	122	134	71
tx097	82	133	50	88
tx098	89	55	63	105
tx099	96	66	76	122
tx100	103	77	89	139
tx101	110	88	102	55
tx102	117	99	115	72
tx103	124	110	128	89
tx104	40	121	141	106
tx105	47	132	57	123
tx106	54	54	70	140
tx107	61	65	83	56
tx108	68	76	96	73
tx109	75	87	109	90
tx110	82	98	122	107
tx111	89	109	135	124
tx112	96	120	51	141
tx113	103	131	64	57
tx114	110	53	77	74
tx115	117	64	90	91
tx116	124	75	103	108
tx117	40	86	116	125
tx118	47	97	129	142
tx119	54	108	142	58
tx120	61	119	58	75
