gene_id	sampleB	baseMeanA	baseMeanB	baseMean	log2FoldChange	lfcSE	stat	pvalue	padj	DE_02	DE_03	DE_05	DE_11	DE_12	DE_13	DE_14	DE_15
TRINITY_DN11796_c0_g1_i1	HOL01	HOL03	1726.13398894073	0	647.300245852775	13.3364316640994	1.01631162270995	13.1223842826261	2.45100424481331e-39	1.2512989420833098e-35	1278	1993	1638	0	0	0	0	0
TRINITY_DN12784_c0_g1_i2	HOL01	HOL03	933.963745299558	0	350.236404487334	12.450242650403	1.00255797290657	12.4184765239139	2.07474759463415e-35	4.88866391884893e-32	741	1002	901	0	0	0	0	0
TRINITY_DN112956_c0_g1_i1	HOL01	HOL03	800.569303183028	0	300.213488693635	12.2279240645037	0.98569031107429	12.4054420816784	2.44161428508322e-35	5.54002281285383e-32	655	889	733	0	0	0	0	0
TRINITY_DN12784_c0_g1_i4	HOL01	HOL03	797.600448901572	0	299.10016833809	12.2228557403067	1.00999633224623	12.1018813138887	1.0321819143019499e-33	1.64506992945824e-30	689	1070	562	0	0	0	0	0
TRINITY_DN12784_c0_g1_i3	HOL01	HOL03	3835.80237096185	0	1438.42588911069	14.4884101403461	1.19732082811737	12.1006916442999	1.0472508242964099e-33	1.64506992945824e-30	2267	3345	4935	0	0	0	0	0
TRINITY_DN10515_c0_g1_i1	HOL01	HOL03	1029.15540804563	0	385.933278017113	12.5902435059434	1.06476650848818	11.8244172835787	2.91921369074947e-32	3.56363204366132e-29	764	980	1130	0	0	0	0	0
TRINITY_DN11875_c0_g1_i2	HOL01	HOL03	45851.2957450336	0	17194.2359043876	18.0677695585914	1.52956598958201	11.8123504848123	3.37006237439413e-32	3.97038713927899e-29	15630	29040	76906	0	0	0	0	0
TRINITY_DN114519_c0_g1_i1	HOL01	HOL03	439.687427019486	0	164.882785132307	11.3635142898785	0.962476486530733	11.8065370415838	3.61130872918171e-32	4.1743322014313e-29	398	499	362	0	0	0	0	0
TRINITY_DN1032_c3_g1_i1	HOL01	HOL03	6363.73196511448	0	2386.39948691793	15.2187602922435	1.30439143007041	11.6673261885982	1.8721512851195497e-31	1.9439593928860798e-28	3459	4617	9139	0	0	0	0	0
TRINITY_DN12784_c0_g1_i1	HOL01	HOL03	2843.26922526603	0	1066.22595947476	14.0564214198527	1.21127050711503	11.60469221143	3.9008862949502598e-31	3.9177048702875097e-28	1678	2395	3723	0	0	0	0	0
TRINITY_DN1019855_c0_g1_i1	HOL01	HOL03	368.466942580496	0	138.175103467686	11.1086532983154	0.964410222619314	11.5185976234725	1.06327405778884e-30	1.01780247816121e-27	371	400	285	0	0	0	0	0
TRINITY_DN114483_c0_g1_i1	HOL01	HOL03	411.558367620664	0	154.334387857749	11.2683892201105	0.980102533452134	11.497153446202	1.36337890175357e-30	1.26552547966862e-27	425	470	292	0	0	0	0	0
TRINITY_DN10618_c0_g1_i2	HOL01	HOL03	797.457506479803	0	299.046564929926	12.222564210592	1.10212270564702	11.090021236262	1.40254464947029e-28	9.23914976994604e-26	901	1038	405	0	0	0	0	0
TRINITY_DN1030_c0_g1_i15	HOL01	HOL03	446.454490032282	0	167.420433762106	11.3856159485716	1.05678632040875	10.773810872351	4.57657328685484e-27	2.3760560107846402e-24	565	435	284	0	0	0	0	0
TRINITY_DN10618_c0_g1_i3	HOL01	HOL03	416.396902545591	0	156.148838454597	11.2845645371294	1.0515926078746	10.7309279778383	7.28607722880992e-27	3.5997334618433996e-24	394	336	430	0	0	0	0	0
TRINITY_DN12096_c0_g1_i4	HOL01	HOL03	232.725535763225	0	87.2720759112095	10.4452330011812	0.975681695943117	10.7055744149065	9.58344486894092e-27	4.62291797642463e-24	233	230	198	0	0	0	0	0
TRINITY_DN1342_c6_g1_i3	HOL01	HOL03	748.477694966282	0	280.679135612356	12.1307828752261	1.17136723629177	10.356088594068	3.9269368857038003e-25	1.47592597809124e-22	472	651	939	0	0	0	0	0
TRINITY_DN11005_c0_g1_i1	HOL01	HOL03	671.555302774095	0	251.833238540286	11.9742873173055	1.163250770529	10.293814215021	7.513962195195279e-25	2.6763248021177197e-22	486	516	840	0	0	0	0	0
TRINITY_DN12568_c1_g1_i1	HOL01	HOL03	1387.98261838174	0	520.493481893151	13.0218248276687	1.28126991119063	10.1632175343664	2.8936623035486996e-24	9.13785740733525e-22	709	1156	1921	0	0	0	0	0
TRINITY_DN11875_c0_g1_i1	HOL01	HOL03	4581.96666956167	0	1718.23750108562	14.7448418498428	1.45355348866085	10.1439967396227	3.5238046571449e-24	1.10142267709524e-21	2111	2644	7410	0	0	0	0	0
TRINITY_DN11054_c0_g1_i1	HOL01	HOL03	9128.7318166738	0	3423.27443125267	15.7392915349216	1.55546521151142	10.1187036639848	4.56420508920782e-24	1.41220654737444e-21	2980	5576	15577	0	0	0	0	0
TRINITY_DN10063_c0_g1_i3	HOL01	HOL03	168.025747372833	0	63.0096552648124	9.97592179970752	1.00182682583058	9.95773075994132	2.3332753548353598e-23	6.4388940569044604e-21	135	208	140	0	0	0	0	0
TRINITY_DN115_c0_g1_i1	HOL01	HOL03	444.625904026914	0	166.734714010093	11.3792592379094	1.1536579293278	9.86363370686473	5.984360077701179e-23	1.5275827143341997e-20	343	331	546	0	0	0	0	0
TRINITY_DN11467_c0_g1_i1	HOL01	HOL03	1074.00094532583	0	402.750354497186	12.6517923053255	1.28509158591007	9.8450510796597	7.20026432103626e-23	1.77152527349255e-20	708	678	1512	0	0	0	0	0
TRINITY_DN111873_c0_g1_i1	HOL01	HOL03	262.046040623155	0	98.267265233683	10.6172172373546	1.07895328888503	9.8402936871588	7.54901458897216e-23	1.83512680892036e-20	187	388	191	0	0	0	0	0
TRINITY_DN100212_c0_g1_i2	HOL01	HOL03	232.37827495223	0	87.1418531070864	10.4428864454266	1.06127969860008	9.83990031958742	7.57858875107081e-23	1.83512680892036e-20	175	224	251	0	0	0	0	0
TRINITY_DN12784_c0_g1_i7	HOL01	HOL03	1516.76788038007	0	568.787955142525	13.1498359310762	1.33746462346708	9.83191308416679	8.20451631351497e-23	1.9745587982712698e-20	794	1055	2238	0	0	0	0	0
TRINITY_DN13273_c0_g1_i2	HOL01	HOL03	666.230016081526	0	249.836256030572	11.9628088337471	1.21991298438456	9.80628043711022	1.0579658683736799e-22	2.46441684388505e-20	478	454	880	0	0	0	0	0
TRINITY_DN10442_c0_g1_i2	HOL01	HOL03	252.599387736416	0	94.7247704011561	10.5633197104703	1.07846162862617	9.79480347754861	1.18527681438428e-22	2.74013635772167e-20	184	241	280	0	0	0	0	0
TRINITY_DN1030_c0_g1_i12	HOL01	HOL03	1866.02171572826	0	699.758143398099	13.4488112166071	1.40512210490988	9.57127581269504	1.05594470372659e-21	2.06020192307013e-19	1017	1043	2909	0	0	0	0	0
TRINITY_DN1175_c0_g2_i2	HOL01	HOL03	233.354972422171	0	87.5081146583142	10.4494094151744	1.11320514954421	9.38677782747657	6.18638303412063e-21	1.0026359360299799e-18	138	295	232	0	0	0	0	0
TRINITY_DN11593_c0_g1_i3	HOL01	HOL03	198.057911824503	0	74.2717169341886	10.2121830216346	1.09009919257443	9.36812272791155	7.38340083356257e-21	1.18101641061761e-18	153	173	224	0	0	0	0	0
TRINITY_DN10897_c0_g1_i1	HOL01	HOL03	133.075219206531	0	49.903207202449	9.63850117493561	1.03080979737465	9.35041673011228	8.7303063161894e-21	1.3749222515391e-18	102	142	132	0	0	0	0	0
TRINITY_DN10570_c0_g1_i7	HOL01	HOL03	384.167330863567	0	144.062749073837	11.1683733232761	1.19960882308178	9.31001265444571	1.2781712059704499e-20	1.9286847928908197e-18	281	271	496	0	0	0	0	0
TRINITY_DN134679_c0_g1_i1	HOL01	HOL03	588.443785015612	0	220.666419380854	11.78368237511	1.26701780318187	9.30032896579477	1.4001181267276098e-20	2.09719894370937e-18	372	405	817	0	0	0	0	0
TRINITY_DN10523_c0_g1_i1	HOL01	HOL03	351.568153065314	0	131.838057399493	11.0404029241386	1.18790798918445	9.29398827574043	1.48612799350356e-20	2.20698658619415e-18	272	243	445	0	0	0	0	0
TRINITY_DN10063_c0_g1_i2	HOL01	HOL03	476.642398254286	0	178.740899345357	11.4796490249242	1.23599139262519	9.28780660886481	1.57500439578535e-20	2.33066411350237e-18	280	383	639	0	0	0	0	0
TRINITY_DN117112_c0_g2_i2	HOL01	HOL03	1962.69461735763	0	736.010481509111	13.5217783681966	1.45703528862667	9.28033690998765	1.68943505376474e-20	2.48201102395178e-18	2251	3264	440	0	0	0	0	0
TRINITY_DN1062_c0_g2_i1	HOL01	HOL03	1992.96841103054	0	747.363154136453	13.5437736780722	1.46768670678704	9.2279732557647	2.75800871362803e-20	3.9021683099998595e-18	732	1422	3179	0	0	0	0	0
TRINITY_DN12296_c0_g1_i6	HOL01	HOL03	109.830125472064	0	41.186297052024	9.36346722429009	1.01934246231297	9.18579140031467	4.08512226868598e-20	5.66214582684411e-18	112	135	72	0	0	0	0	0
TRINITY_DN102442_c0_g1_i1	HOL01	HOL03	234.835154930016	0	88.0631830987559	10.45816948263	1.13858193201646	9.18525859979901	4.10539686193571e-20	5.67740243685705e-18	148	228	277	0	0	0	0	0
TRINITY_DN11749_c0_g1_i2	HOL01	HOL03	356.868516883468	0	133.8256938313	11.0620399990376	1.2050804421847	9.1795033856687	4.3308407716540396e-20	5.94888560972738e-18	222	292	464	0	0	0	0	0
TRINITY_DN12488_c0_g1_i9	HOL01	HOL03	101.540304046326	0	38.0776140173721	9.25001005045727	1.0165439384487	9.09946899548022	9.077454554969179e-20	1.16341443180142e-17	85	132	77	0	0	0	0	0
TRINITY_DN12840_c0_g1_i8	HOL01	HOL03	279.610472976337	6.92257644912036	109.180537646827	5.35527984319209	0.589108707239362	9.09047817046809	9.860443130911029e-20	1.2558842568170501e-17	194	169	391	6	7	7	11	6
TRINITY_DN11307_c0_g1_i10	HOL01	HOL03	776.26134060174	0	291.098002725653	12.1833904688602	1.3474664448283	9.04170231149069	1.54250668206494e-19	1.87869954002673e-17	377	574	1145	0	0	0	0	0
TRINITY_DN12886_c0_g2_i1	HOL01	HOL03	230.159216650474	0	86.3097062439276	10.4290351694203	1.15681883023914	9.015270928175	1.9638443840225e-19	2.32260614861719e-17	164	185	284	0	0	0	0	0
TRINITY_DN116329_c0_g1_i1	HOL01	HOL03	2729.95188327705	0	1023.73195622889	13.9977355557276	1.55439338629887	9.00527220400576	2.1513146147917998e-19	2.53942171957592e-17	937	1586	4680	0	0	0	0	0
TRINITY_DN1014980_c0_g1_i1	HOL01	HOL03	474.990575824855	0	178.121465934321	11.4746530441032	1.28127110875464	8.95567922018963	3.37650401633449e-19	3.8377507523692e-17	257	373	662	0	0	0	0	0
TRINITY_DN12878_c0_g1_i1	HOL01	HOL03	281.051214309695	0	105.394205366135	10.7173987760841	1.19803302244526	8.94582918441538	3.6916764574918897e-19	4.16506767615701e-17	173	238	361	0	0	0	0	0
TRINITY_DN11522_c0_g1_i1	HOL01	HOL03	165.926942803442	0	62.2226035512906	9.95698439710183	1.11596101185368	8.92234073712189	4.565351245139699e-19	5.0759911675316405e-17	105	175	185	0	0	0	0	0
TRINITY_DN112008_c0_g1_i1	HOL01	HOL03	256.390358627899	0	96.1463844854621	10.5848187831147	1.19515210199918	8.85646167162242	8.259426888977719e-19	8.75427801902149e-17	179	192	330	0	0	0	0	0
TRINITY_DN124750_c0_g1_i1	HOL01	HOL03	437.19966657557	0	163.949874965839	11.3550394021973	1.28522919025242	8.83503073873316	1.00070738888841e-18	1.04262477492297e-16	225	361	606	0	0	0	0	0
TRINITY_DN108003_c0_g1_i1	HOL01	HOL03	487.642749193494	0	182.86603094756	11.5127136422235	1.30823010228417	8.80022071203091	1.3654733343429499e-18	1.37361236259199e-16	190	585	592	0	0	0	0	0
TRINITY_DN10366_c0_g1_i1	HOL01	HOL03	204.572112823988	0	76.7145423089957	10.2589505764807	1.16706854451123	8.79035822251309	1.49083839701024e-18	1.4923730835954e-16	144	163	255	0	0	0	0	0
TRINITY_DN11060_c0_g1_i1	HOL01	HOL03	208.743180259748	0	78.2786925974056	10.2880615288489	1.17797714499378	8.73366819769939	2.46543650340205e-18	2.34534218179999e-16	167	145	259	0	0	0	0	0
TRINITY_DN1018083_c0_g1_i1	HOL01	HOL03	175.556933223307	0	65.8338499587399	10.0382531493755	1.15035643320744	8.72621116342759	2.63346758131404e-18	2.47825075935548e-16	114	160	212	0	0	0	0	0
TRINITY_DN116200_c0_g1_i1	HOL01	HOL03	218.467795034538	0	81.9254231379519	10.353852744242	1.19213667650912	8.68512222487836	3.78335357165153e-18	3.41857802153522e-16	139	182	279	0	0	0	0	0
TRINITY_DN10192_c0_g1_i1	HOL01	HOL03	251.887257326163	0	94.4577214973112	10.5592924048301	1.22091869600149	8.6486450239576	5.21144938674031e-18	4.53507136050954e-16	155	202	332	0	0	0	0	0
TRINITY_DN111209_c0_g1_i1	HOL01	HOL03	96.9963757642238	0	36.3736409115839	9.18238292544292	1.0625978247478	8.64144713228854	5.5505432008899496e-18	4.769185527575329e-16	116	79	79	0	0	0	0	0
TRINITY_DN1000556_c0_g1_i1	HOL01	HOL03	218.389300342804	0	81.8959876285516	10.3533151971553	1.19948865506354	8.63144070054323	6.05839700187541e-18	5.12645822549576e-16	144	172	282	0	0	0	0	0
TRINITY_DN111212_c0_g1_i1	HOL01	HOL03	250.281940061743	0	93.8557275231537	10.5500742651957	1.22330490533157	8.62423932023408	6.45200681674972e-18	5.39985373790352e-16	151	204	330	0	0	0	0	0
TRINITY_DN118145_c0_g1_i1	HOL01	HOL03	143.308200043435	0	53.7405750162879	9.74515017985582	1.13184591839769	8.609961852097	7.30848925555398e-18	6.042374861848901e-16	134	100	161	0	0	0	0	0
TRINITY_DN1030_c0_g1_i7	HOL01	HOL03	1068.5635902212	0	400.711346332952	12.6444797356862	1.47925478259952	8.54787145826618	1.25379240126365e-17	9.8475748562327e-16	521	545	1757	0	0	0	0	0
TRINITY_DN125172_c1_g1_i4	HOL01	HOL03	235.46383337803	0	88.2989375167613	10.4630064512665	1.22666933820595	8.52960624789808	1.46846674346385e-17	1.1358924003134602e-15	230	378	97	0	0	0	0	0
TRINITY_DN107794_c0_g1_i2	HOL01	HOL03	830.26007693965	0	311.347528852369	12.2804174426082	1.44109865392599	8.52156610454991	1.57410128264755e-17	1.20693575568006e-15	392	488	1328	0	0	0	0	0
TRINITY_DN104486_c0_g1_i2	HOL01	HOL03	126.285891938502	0	47.3572094769382	9.56266810730002	1.12457209742872	8.50338375739942	1.84142914795299e-17	1.3944557959338e-15	90	112	148	0	0	0	0	0
TRINITY_DN108051_c0_g1_i2	HOL01	HOL03	219.907346777164	0	82.4652550414367	10.3632987382114	1.21957552257518	8.49746370469037	1.93778063523983e-17	1.4601999391967701e-15	155	155	289	0	0	0	0	0
TRINITY_DN11759_c0_g1_i1	HOL01	HOL03	533.441583947497	0	200.040593980311	11.6421110806276	1.37435724886732	8.47094966772467	2.43400401617985e-17	1.7943969680291903e-15	276	344	810	0	0	0	0	0
TRINITY_DN13385_c0_g1_i1	HOL01	HOL03	188.931550949782	0	70.8493316061684	10.1451192119672	1.20606196966706	8.41177275058911	4.03859770636335e-17	2.8211700260540204e-15	279	179	90	0	0	0	0	0
TRINITY_DN12212_c1_g1_i1	HOL01	HOL03	229.88112732808	0	86.2054227480301	10.427334669725	1.24080850361293	8.40366151534515	4.3276890589818304e-17	3.0025732142741103e-15	199	132	293	0	0	0	0	0
TRINITY_DN134574_c0_g1_i1	HOL01	HOL03	113.252461746297	0	42.4696731548614	9.40550921203793	1.12376276789599	8.36965726284716	5.77860607909933e-17	3.91609230336131e-15	77	107	131	0	0	0	0	0
TRINITY_DN100193_c0_g1_i1	HOL01	HOL03	75.4802453182692	0	28.305091994351	8.81937241836278	1.05519770370623	8.35802844091305	6.37750734967839e-17	4.29346409630052e-15	71	64	76	0	0	0	0	0
TRINITY_DN12046_c0_g1_i2	HOL01	HOL03	99.2042542078061	0	37.2015953279273	9.21499742145327	1.10461162210689	8.34229627593176	7.28616235145358e-17	4.86244187513182e-15	127	75	78	0	0	0	0	0
TRINITY_DN10063_c0_g1_i5	HOL01	HOL03	123.839333343138	0	46.4397500036768	9.53634274708607	1.15168377095695	8.28034829314488	1.2281553885872299e-16	7.90341213981299e-15	85	201	80	0	0	0	0	0
TRINITY_DN1157_c0_g2_i1	HOL01	HOL03	2053.20176817114	0	769.950663064176	13.5867217028993	1.6594027978301	8.18771772632043	2.66226322189112e-16	1.60057145988926e-14	596	996	3759	0	0	0	0	0
TRINITY_DN10897_c0_g1_i2	HOL01	HOL03	176.261987373842	0	66.0982452651907	10.0440093878217	1.23404822020606	8.13907367910187	3.9831353886025003e-16	2.3064160993568503e-14	117	128	235	0	0	0	0	0
TRINITY_DN112029_c0_g3_i2	HOL01	HOL03	132.408600585706	0	49.6532252196397	9.63117520847672	1.18453798071419	8.13074410891396	4.26663168158415e-16	2.4612679539443502e-14	80	122	164	0	0	0	0	0
TRINITY_DN1000830_c0_g1_i1	HOL01	HOL03	159.05919442819	0	59.6471979105714	9.8957699473258	1.22076977542486	8.10617214362291	5.22394191398014e-16	2.97983569344661e-14	107	118	209	0	0	0	0	0
TRINITY_DN12320_c0_g1_i2	HOL01	HOL03	104.493364583273	0	39.1850117187274	9.28934056256153	1.14841985177129	8.08880179860519	6.02545281919229e-16	3.39905447571066e-14	68	98	124	0	0	0	0	0
TRINITY_DN102966_c0_g1_i1	HOL01	HOL03	125.676399006862	0	47.1286496275734	9.55758050262015	1.18341607241867	8.07626389853426	6.678127541011801e-16	3.72267631979077e-14	145	172	55	0	0	0	0	0
TRINITY_DN116_c0_g1_i1	HOL01	HOL03	336.17041438006	0	126.063905392523	10.9758434931141	1.36107803371083	8.06408098673788	7.378883263720859e-16	4.07989643849577e-14	200	197	503	0	0	0	0	0
TRINITY_DN12096_c0_g1_i2	HOL01	HOL03	233.548287953548	0	87.5806079825805	10.4502087383771	1.29688275194362	8.05794411462061	7.75882732909893e-16	4.2783891868819804e-14	143	157	331	0	0	0	0	0
TRINITY_DN122969_c0_g1_i1	HOL01	HOL03	129.79218033558	0	48.6720676258424	9.60218468362879	1.1916646900771	8.0577907221599	7.76856693828863e-16	4.27990752104655e-14	97	94	164	0	0	0	0	0
TRINITY_DN115_c1_g1_i1	HOL01	HOL03	410.813872815501	0	154.055202305813	11.2652170139413	1.40010054339454	8.0460057437224	8.55399795358424e-16	4.65402821163793e-14	197	269	634	0	0	0	0	0
TRINITY_DN113686_c0_g1_i1	HOL01	HOL03	189.773395857146	0	71.1650234464298	10.1507217115525	1.26803084873973	8.00510628084573	1.19363536484523e-15	6.2768826915462e-14	101	161	257	0	0	0	0	0
TRINITY_DN100066_c0_g1_i1	HOL01	HOL03	402.01174116741	0	150.754402937779	11.2339649188882	1.40354434900839	8.00399711403853	1.2044421419411602e-15	6.32285680734715e-14	192	262	622	0	0	0	0	0
TRINITY_DN10189_c1_g2_i2	HOL01	HOL03	212.131393087069	0	79.5492724076509	10.3114414405697	1.29023403058426	7.99191557201474	1.3285801566796302e-15	6.93294771198159e-14	114	167	296	0	0	0	0	0
TRINITY_DN11893_c0_g1_i3	HOL01	HOL03	119.392796254664	0	44.7722985954989	9.48181486573453	1.18741246122913	7.98527485210958	1.4020954980494502e-15	7.254778420355021e-14	72	110	148	0	0	0	0	0
TRINITY_DN11307_c0_g3_i4	HOL01	HOL03	185.195209228302	0	69.4482034606133	10.115371661698	1.26855383926829	7.97393957479382	1.53694706425393e-15	7.91909066420423e-14	134	115	252	0	0	0	0	0
TRINITY_DN115_c1_g2_i1	HOL01	HOL03	404.558516448639	0	151.70944366824	11.2430812880999	1.41036552845042	7.97174991964871	1.56443136399619e-15	8.04041599433715e-14	187	268	628	0	0	0	0	0
TRINITY_DN12306_c0_g1_i1	HOL01	HOL03	421.115860899084	0	157.918447837157	11.3009507059773	1.420272620668	7.95688837588246	1.7641973631298502e-15	8.96185929166035e-14	212	248	662	0	0	0	0	0
TRINITY_DN104055_c0_g1_i1	HOL01	HOL03	210.726884582427	0	79.02258171841	10.3018330744262	1.29782268437172	7.93778163880174	2.05829285382284e-15	1.03189194029254e-13	119	154	298	0	0	0	0	0
TRINITY_DN1070_c0_g1_i4	HOL01	HOL03	390.705868723157	0	146.514700771184	11.1928020956797	1.41191449279659	7.92739372871651	2.2379288238269002e-15	1.11646769978915e-13	188	247	609	0	0	0	0	0
TRINITY_DN129843_c0_g1_i1	HOL01	HOL03	205.763357266242	0	77.1612589748409	10.2674218640332	1.29634837845313	7.92026436310653	2.3700612666304503e-15	1.17663746659304e-13	120	146	291	0	0	0	0	0
TRINITY_DN1199_c0_g2_i1	HOL01	HOL03	76.6126689964357	0	28.7297508736634	8.84130463343888	1.1169566325823	7.91553080534436	2.4620042510963902e-15	1.21735081868376e-13	52	76	86	0	0	0	0	0
TRINITY_DN101678_c0_g1_i1	HOL01	HOL03	96.790109573336	0	36.296291090001	9.17887989436713	1.16098331625168	7.90612557982471	2.65523326759606e-15	1.30447117620479e-13	60	94	115	0	0	0	0	0
TRINITY_DN1050_c0_g1_i2	HOL01	HOL03	67.9023458184428	0	25.463379681916	8.66963445879549	1.09728060655897	7.90101857899699	2.76633411689628e-15	1.35462321065853e-13	84	74	39	0	0	0	0	0
TRINITY_DN1000942_c0_g1_i1	HOL01	HOL03	410.855913924986	0	154.07096772187	11.2653746378849	1.42652882746722	7.89705361782727	2.8557354574968404e-15	1.39292134818972e-13	181	274	644	0	0	0	0	0
TRINITY_DN12320_c0_g1_i1	HOL01	HOL03	201.156843202062	0	75.4338162007733	10.2348390861433	1.30123855385917	7.86545945460125	3.6774520383177504e-15	1.75871775350086e-13	97	176	277	0	0	0	0	0
TRINITY_DN12212_c1_g1_i2	HOL01	HOL03	291.259762825377	0	109.222411059517	10.7689530045434	1.37170634719183	7.85077143266834	4.1348593321142605e-15	1.9576034564398399e-13	134	218	434	0	0	0	0	0
TRINITY_DN117409_c0_g1_i2	HOL01	HOL03	99.6517956817671	0	37.3694233806626	9.22065402841178	1.18403586762506	7.787478640243	6.835959233028331e-15	3.09986210579581e-13	76	73	124	0	0	0	0	0
TRINITY_DN1001326_c0_g1_i1	HOL01	HOL03	83.6785403427621	0	31.3794526285358	8.96845534043272	1.15680203463133	7.75280045499831	8.988781082714811e-15	4.00494323978442e-13	59	71	101	0	0	0	0	0
TRINITY_DN11522_c0_g1_i3	HOL01	HOL03	433.490590133036	0	162.558971299889	11.3427660119148	1.47359269986264	7.6973549156236	1.38911670233517e-14	5.97622588027806e-13	169	288	699	0	0	0	0	0
TRINITY_DN112269_c0_g1_i1	HOL01	HOL03	178.257374377083	0	66.8465153914063	10.0603601886268	1.30732155529764	7.69539838753467	1.4105398922334401e-14	6.05563457728782e-13	94	138	252	0	0	0	0	0
TRINITY_DN11302_c0_g1_i1	HOL01	HOL03	262.079884662997	0	98.2799567486237	10.616586411781	1.38274462796777	7.67790826812632	1.61707214767041e-14	6.87485711191756e-13	137	166	399	0	0	0	0	0
TRINITY_DN126716_c0_g1_i2	HOL01	HOL03	127.513589963006	0	47.8175962361271	9.57674870117668	1.24816127420763	7.67268533247541	1.6843233511079402e-14	7.14094819784955e-13	77	100	171	0	0	0	0	0
TRINITY_DN103032_c0_g1_i1	HOL01	HOL03	191.544135259189	0	71.8290507221957	10.1640617893113	1.32523336974719	7.66963919060552	1.7248084072491502e-14	7.29744043185807e-13	124	115	276	0	0	0	0	0
TRINITY_DN128203_c0_g1_i1	HOL01	HOL03	55.2659955057542	0	20.7247483146578	8.36921391597645	1.09234733976503	7.6616783062581	1.8351885822343e-14	7.72708990470238e-13	45	49	60	0	0	0	0	0
TRINITY_DN13204_c0_g2_i1	HOL01	HOL03	139.648952276833	0	52.3683571038125	9.70792243122392	1.2680914919953	7.65553786339884	1.9250481858766302e-14	8.07768678160001e-13	102	87	189	0	0	0	0	0
TRINITY_DN11469_c0_g1_i1	HOL01	HOL03	1427.85625742677	0	535.446096535039	13.0626790084502	1.70721097700157	7.65147318311686	1.98689751646435e-14	8.29177810293975e-13	402	601	2693	0	0	0	0	0
TRINITY_DN101069_c0_g1_i1	HOL01	HOL03	310.781421255456	0	116.543032970796	10.8625534164456	1.42235672118606	7.6370106420193	2.22323130700033e-14	9.2277655528971e-13	151	190	488	0	0	0	0	0
TRINITY_DN11467_c0_g1_i2	HOL01	HOL03	107.887243326046	0	40.4577162472672	9.33639244876727	1.22498931944308	7.62161130760872	2.50528471339495e-14	1.0293846907894999e-12	51	146	111	0	0	0	0	0
TRINITY_DN110538_c0_g1_i2	HOL01	HOL03	228.582209748491	0	85.718328655684	10.4192273784359	1.3692105496249	7.60966045820365	2.74816933461946e-14	1.12232636379425e-12	124	145	344	0	0	0	0	0
TRINITY_DN1037352_c0_g1_i1	HOL01	HOL03	91.8088828114772	0	34.428331054304	9.10319025609449	1.20172205438634	7.57512123778327	3.58792409980886e-14	1.42917421408706e-12	47	110	102	0	0	0	0	0
TRINITY_DN132512_c0_g1_i1	HOL01	HOL03	152.724067925158	0	57.2715254719341	9.83717076586136	1.30029419580921	7.56534236449425	3.8684437580721e-14	1.52898367710175e-12	92	105	216	0	0	0	0	0
TRINITY_DN12295_c0_g1_i2	HOL01	HOL03	178.344081069437	0	66.8790304010388	10.0610726339726	1.33006033955673	7.56437308500283	3.8973964642312e-14	1.5394339109490399e-12	91	135	257	0	0	0	0	0
TRINITY_DN100547_c0_g1_i2	HOL01	HOL03	256.338751685142	0	96.1270318819283	10.584644558779	1.40499703316867	7.53357075417277	4.9371240490337605e-14	1.91553534272296e-12	120	172	395	0	0	0	0	0
TRINITY_DN102914_c0_g1_i1	HOL01	HOL03	54.7863125323416	0	20.5448671996281	8.35654366714402	1.11027325038972	7.52656489221081	5.20925962210187e-14	2.0084007062858798e-12	48	44	60	0	0	0	0	0
TRINITY_DN130573_c0_g1_i1	HOL01	HOL03	281.034724189433	0	105.388021571037	10.7173619646631	1.42746207758455	7.50798366762797	6.00449941983427e-14	2.27773156629911e-12	144	161	443	0	0	0	0	0
TRINITY_DN107918_c0_g1_i1	HOL01	HOL03	128.856947568223	0	48.3213553380837	9.59184627632864	1.27854261970158	7.50217171373408	6.27690690649644e-14	2.3722526083448e-12	84	87	178	0	0	0	0	0
TRINITY_DN10532_c0_g1_i2	HOL01	HOL03	105.23352328711	0	39.4625712326663	9.29953346387145	1.23968280122422	7.50154269679945	6.30710784490215e-14	2.3807291922503997e-12	63	86	139	0	0	0	0	0
TRINITY_DN10706_c0_g1_i1	HOL01	HOL03	154.869299271343	0	58.0759872267538	9.85739213251964	1.31720498324987	7.48356729428631	7.233183819981461e-14	2.69870000221391e-12	78	124	219	0	0	0	0	0
TRINITY_DN1021505_c0_g1_i1	HOL01	HOL03	260.289679817649	0	97.6086299316183	10.6067581012875	1.42707062427088	7.43253902147042	1.06532659521264e-13	3.87626371200818e-12	103	199	399	0	0	0	0	0
TRINITY_DN130432_c0_g1_i1	HOL01	HOL03	145.064840775871	0	54.3993152909516	9.76289592518656	1.31439609056354	7.42766658793148	1.10530135078809e-13	4.01387532029227e-12	92	92	207	0	0	0	0	0
TRINITY_DN111803_c0_g1_i1	HOL01	HOL03	62.7189735370521	0	23.5196150763945	8.55307800455634	1.15225724547191	7.42288932282082	1.14592531755104e-13	4.14665225807025e-12	81	43	52	0	0	0	0	0
TRINITY_DN12866_c0_g1_i3	HOL01	HOL03	72.1715770698781	0	27.0643414012043	8.75491615870236	1.18254864659594	7.40343002708943	1.3271110553686099e-13	4.74816826887879e-12	48	62	89	0	0	0	0	0
TRINITY_DN1259_c0_g1_i2	HOL01	HOL03	275.721892799475	0	103.395709799803	10.689821552434	1.45020734106174	7.37123668440935	1.69052399640824e-13	5.9555245308773794e-12	146	144	441	0	0	0	0	0
TRINITY_DN11900_c0_g1_i1	HOL01	HOL03	63.9801450170562	0	23.9925543813961	8.58095569898462	1.16738198279863	7.35059802654573	1.97322005198096e-13	6.852912700935909e-12	43	57	77	0	0	0	0	0
TRINITY_DN1003833_c0_g1_i1	HOL01	HOL03	175.569604475747	0	65.8386016784052	10.0384170130281	1.36711938722781	7.34275082835563	2.09247871208299e-13	7.238369471391299e-12	97	111	263	0	0	0	0	0
TRINITY_DN13166_c0_g1_i1	HOL01	HOL03	490.265495477755	0	183.849560804158	11.5203567109037	1.56935222450361	7.34083562059981	2.12264379834065e-13	7.334434687971989e-12	166	280	846	0	0	0	0	0
TRINITY_DN121851_c0_g1_i1	HOL01	HOL03	43.9160952008504	0	16.4685357003189	8.03756917632427	1.09824142141841	7.31858134247342	2.5060609812368997e-13	8.529378549639799e-12	33	43	47	0	0	0	0	0
TRINITY_DN129048_c0_g1_i3	HOL01	HOL03	74.893396833615	0	28.0850238126056	8.80827036936367	1.20556096270408	7.30636661426618	2.74462689636339e-13	9.30000428937557e-12	54	56	95	0	0	0	0	0
TRINITY_DN11842_c0_g1_i1	HOL01	HOL03	54.1400791458936	0	20.3025296797101	8.33959459710959	1.14184070870005	7.30364098386715	2.8008310438668997e-13	9.47472734624063e-12	40	47	63	0	0	0	0	0
TRINITY_DN102188_c0_g1_i1	HOL01	HOL03	158.680937466056	0	59.505351549771	9.89244774631972	1.35593542653672	7.29566287060341	2.97192217370485e-13	9.99829039690721e-12	85	107	235	0	0	0	0	0
TRINITY_DN111990_c0_g2_i1	HOL01	HOL03	140.283429398207	0	52.6062860243275	9.71457495001922	1.33176208443012	7.29452735108933	2.99709340158506e-13	1.0077438697107899e-11	76	100	203	0	0	0	0	0
TRINITY_DN123099_c0_g1_i1	HOL01	HOL03	334.330871411975	0	125.374076779491	10.9679795031735	1.50538443654721	7.28583293203823	3.1968894683743e-13	1.0713951832659499e-11	129	205	553	0	0	0	0	0
TRINITY_DN120176_c0_g1_i1	HOL01	HOL03	165.067028385922	0	61.9001356447208	9.94937195608906	1.36612112224478	7.28293545431791	3.2663353062756e-13	1.0910877855417799e-11	100	96	246	0	0	0	0	0
TRINITY_DN102885_c0_g1_i1	HOL01	HOL03	115.666810061403	0	43.3750537730262	9.43596216827444	1.30427317548389	7.23465171686417	4.66725324006465e-13	1.52220232998896e-11	79	71	162	0	0	0	0	0
TRINITY_DN1070_c0_g1_i6	HOL01	HOL03	155.036349844985	0	58.1386311918692	9.86015874345856	1.36510658083981	7.2229955388484	5.085468310287e-13	1.65191434301756e-11	184	237	45	0	0	0	0	0
TRINITY_DN10820_c0_g1_i2	HOL01	HOL03	248.895825236606	0	93.3359344637272	10.5421753093492	1.46310318451302	7.20535326622094	5.78935575215537e-13	1.86375880948132e-11	92	185	391	0	0	0	0	0
TRINITY_DN107913_c0_g1_i1	HOL01	HOL03	152.373623306777	0	57.1401087400415	9.83406122725116	1.36522629466584	7.20324627915126	5.87956353092059e-13	1.88882905398421e-11	63	137	216	0	0	0	0	0
TRINITY_DN126170_c0_g1_i1	HOL01	HOL03	38.7342068482375	0	14.5253275680891	7.85658298591498	1.09081777460039	7.20247063153436	5.91311813901502e-13	1.8986129798243e-11	29	40	40	0	0	0	0	0
TRINITY_DN122010_c0_g1_i1	HOL01	HOL03	104.422162101087	0	39.1583107879075	9.28830544701437	1.29683539077615	7.16228560161004	7.934290110678149e-13	2.4939887893816098e-11	72	65	145	0	0	0	0	0
TRINITY_DN12920_c2_g1_i2	HOL01	HOL03	41.752526686772	0	15.6571975075395	7.96558651476628	1.1142800536004	7.14863959830234	8.7642094335926e-13	2.7213469971119298e-11	28	47	43	0	0	0	0	0
TRINITY_DN112790_c0_g1_i1	HOL01	HOL03	116.328608973336	0	43.6232283650009	9.44434111345169	1.32444513139327	7.13079076633141	9.97939220161696e-13	3.0644987691612e-11	59	92	165	0	0	0	0	0
TRINITY_DN12951_c0_g2_i1	HOL01	HOL03	69.1789479241017	0	25.9421054715382	8.69418258817951	1.22051410766816	7.12337738134801	1.05313945668829e-12	3.22753789570259e-11	38	69	85	0	0	0	0	0
TRINITY_DN1007484_c0_g1_i1	HOL01	HOL03	94.8434181669082	0	35.5662818125906	9.14940379907442	1.28504835374378	7.11989068148221	1.0801269891945e-12	3.2986949022444e-11	61	65	131	0	0	0	0	0
TRINITY_DN10623_c0_g1_i1	HOL01	HOL03	73.0520926716041	0	27.3945347518515	8.77276746258929	1.23315511782319	7.11408267767262	1.12659605241325e-12	3.43035059438336e-11	40	70	92	0	0	0	0	0
TRINITY_DN12460_c0_g1_i2	HOL01	HOL03	62.8806306566836	0	23.5802364962564	8.55591978346477	1.20379515800321	7.10745489096074	1.18202350718925e-12	3.5866422050983294e-11	41	53	79	0	0	0	0	0
TRINITY_DN101103_c0_g1_i1	HOL01	HOL03	256.353544588579	0	96.132579220717	10.5847455838187	1.49105009089964	7.09885311594882	1.25796417923666e-12	3.79078502275334e-11	107	152	421	0	0	0	0	0
TRINITY_DN125009_c0_g1_i1	HOL01	HOL03	152.460477168154	0	57.1726789380577	9.83474641496037	1.38578811536295	7.09686156630417	1.27621776531028e-12	3.8382390258322894e-11	78	100	231	0	0	0	0	0
TRINITY_DN10965_c1_g1_i1	HOL01	HOL03	98.4112131167757	0	36.9042049187909	9.20273165389396	1.30184668741384	7.06898265584214	1.5607365190406099e-12	4.6280445966110694e-11	63	65	138	0	0	0	0	0
TRINITY_DN108394_c0_g1_i1	HOL01	HOL03	62.0779720244737	0	23.2792395091776	8.53744059437246	1.20880379573958	7.06271822148692	1.6327660977206599e-12	4.836951133687659e-11	39	54	78	0	0	0	0	0
TRINITY_DN113376_c0_g1_i1	HOL01	HOL03	104.97934639065	0	39.3672548964938	9.29618600209828	1.32031989557194	7.04085883525319	1.9105849766574997e-12	5.605755144873969e-11	52	87	147	0	0	0	0	0
TRINITY_DN10110_c0_g2_i4	HOL01	HOL03	125.897939046971	0	47.211727142614	9.55841368435136	1.35813865428909	7.03787765274573	1.9518995433358997e-12	5.7214938623630194e-11	67	86	186	0	0	0	0	0
TRINITY_DN109450_c0_g1_i1	HOL01	HOL03	86.9449589973273	0	32.6043596239977	9.02427957715605	1.28253704865135	7.03627204114338	1.97451262376868e-12	5.7822450702648396e-11	109	42	88	0	0	0	0	0
TRINITY_DN10623_c0_g1_i4	HOL01	HOL03	110.467013778775	0	41.4251301670405	9.36959059088613	1.33520142937894	7.01736111475278	2.26097716367157e-12	6.55533573014724e-11	72	66	159	0	0	0	0	0
TRINITY_DN1030_c0_g1_i11	HOL01	HOL03	123.720023940231	0	46.3950089775868	9.53366830742816	1.36380183492947	6.99050849122899	2.73891718233807e-12	7.81165192465443e-11	183	51	108	0	0	0	0	0
TRINITY_DN134258_c0_g1_i2	HOL01	HOL03	217.220835247365	0	81.457813217762	10.3457594291981	1.48107058633676	6.985325024101	2.84197262958288e-12	8.082997641881909e-11	76	164	343	0	0	0	0	0
TRINITY_DN1071_c0_g1_i1	HOL01	HOL03	116.165467924926	0	43.5620504718474	9.44225659593383	1.35179181594892	6.98499316576025	2.84869848492774e-12	8.09759061464825e-11	100	54	158	0	0	0	0	0
TRINITY_DN12670_c0_g1_i2	HOL01	HOL03	222.559222430252	0	83.4597084113445	10.3807721402812	1.48782450645368	6.97714824245263	3.0123181614736498e-12	8.535783881885299e-11	83	152	359	0	0	0	0	0
TRINITY_DN101095_c0_g1_i2	HOL01	HOL03	141.556430727797	0	53.083661522924	9.72761461552715	1.39697442922212	6.96334479146035	3.32287218682276e-12	9.33803297162031e-11	81	81	216	0	0	0	0	0
TRINITY_DN11961_c0_g1_i5	HOL01	HOL03	127.474958218147	0	47.8031093318052	9.57654205632731	1.37864407306977	6.94634840376432	3.74862336841646e-12	1.04529773973281e-10	145	49	151	0	0	0	0	0
TRINITY_DN10663_c2_g1_i1	HOL01	HOL03	184.194852059188	0	69.0730695221956	10.1076840008726	1.45662311955555	6.93912094705509	3.94547244254783e-12	1.09669454740385e-10	85	110	295	0	0	0	0	0
TRINITY_DN113516_c0_g2_i1	HOL01	HOL03	111.70489828587	0	41.8893368572012	9.38597369529514	1.35342422790702	6.93498276575848	4.06270686581221e-12	1.12367318609595e-10	47	104	155	0	0	0	0	0
TRINITY_DN116329_c0_g2_i2	HOL01	HOL03	62.7668842426243	0	23.5375815909841	8.55354384061765	1.23538869203689	6.92376730963491	4.39788086513908e-12	1.20982207202971e-10	36	57	80	0	0	0	0	0
TRINITY_DN1003508_c0_g1_i1	HOL01	HOL03	39.1089931304278	0	14.6658724239104	7.87006129988873	1.1387310153108	6.91125576986302	4.8038202217003795e-12	1.31265137485295e-10	28	37	44	0	0	0	0	0
TRINITY_DN115921_c0_g3_i3	HOL01	HOL03	122.312947473817	0	45.8673553026814	9.51668207233643	1.38117066604787	6.89030132645939	5.5674331149015396e-12	1.51253948965948e-10	76	68	183	0	0	0	0	0
TRINITY_DN1014826_c0_g1_i1	HOL01	HOL03	100.818551291187	0	37.8069567341953	9.23765553736596	1.34234594116466	6.8817249369794	5.91321099709493e-12	1.6008000234866401e-10	64	61	146	0	0	0	0	0
TRINITY_DN122725_c0_g1_i1	HOL01	HOL03	77.3697422547055	0	29.0136533455146	8.85574647729067	1.28862200180277	6.87226080642853	6.31922837761593e-12	1.69945078181688e-10	38	73	102	0	0	0	0	0
TRINITY_DN100298_c0_g1_i1	HOL01	HOL03	36.6768104698177	0	13.7538039261816	7.78285655110273	1.13411851982407	6.8624719683707	6.76790224400798e-12	1.81374451082529e-10	32	54	22	0	0	0	0	0
TRINITY_DN107300_c0_g1_i1	HOL01	HOL03	146.650692596986	0	54.9940097238696	9.77865749532432	1.42549240211936	6.85984539853444	6.893511069494099e-12	1.84579182102455e-10	85	77	228	0	0	0	0	0
TRINITY_DN108617_c0_g1_i4	HOL01	HOL03	107.656856224883	0	40.3713210843312	9.33252979156267	1.36590800465479	6.83247316785534	8.34630210049021e-12	2.20681702884045e-10	52	81	158	0	0	0	0	0
TRINITY_DN100884_c0_g1_i1	HOL01	HOL03	329.590446452894	0	123.596417419835	10.9473807579518	1.60505894146584	6.82054750460065	9.069419034552019e-12	2.3856583010466303e-10	114	165	584	0	0	0	0	0
TRINITY_DN121957_c1_g1_i6	HOL01	HOL03	88.6229578690061	0	33.2336092008773	9.05151048204076	1.32899052686597	6.81081640467827	9.70464181840265e-12	2.54401143226701e-10	54	58	127	0	0	0	0	0
TRINITY_DN1002373_c0_g1_i1	HOL01	HOL03	154.299794578999	0	57.8624229671245	9.85210278331032	1.4482793796714999	6.8026258756408	1.0272918616962399e-11	2.67808431162115e-10	68	100	244	0	0	0	0	0
TRINITY_DN12488_c0_g1_i10	HOL01	HOL03	110.151747298208	0	41.3069052368279	9.36577682967182	1.38131051912449	6.78035582875895	1.1988025431119198e-11	3.0975217291719004e-10	44	101	156	0	0	0	0	0
TRINITY_DN10192_c0_g1_i2	HOL01	HOL03	91.6497717770128	0	34.3686644163798	9.10002874364957	1.34243274644502	6.77875950787696	1.21212098773052e-11	3.1279767511093e-10	53	61	133	0	0	0	0	0
TRINITY_DN12784_c0_g1_i5	HOL01	HOL03	137.219732670073	0	51.4573997512775	9.68289945703267	1.43658220569309	6.74023346430154	1.58132334627737e-11	3.99986012233651e-10	50	117	205	0	0	0	0	0
TRINITY_DN123870_c0_g1_i1	HOL01	HOL03	56.5914451809559	0	21.2217919428585	8.40364554529335	1.25308596234969	6.70635997672139	1.9953913303223497e-11	4.97734768198445e-10	49	34	71	0	0	0	0	0
TRINITY_DN11340_c0_g1_i2	HOL01	HOL03	77.6494749440939	0	29.1185531040352	8.86061338115604	1.32882674182056	6.66799749154398	2.5931721520624197e-11	6.35207939031587e-10	58	43	108	0	0	0	0	0
TRINITY_DN10041_c0_g1_i3	HOL01	HOL03	115.245800683055	0	43.2171752561455	9.43082602616831	1.41535658735334	6.66321555319396	2.6790028623451497e-11	6.551846401431181e-10	59	71	178	0	0	0	0	0
TRINITY_DN113677_c0_g1_i1	HOL01	HOL03	203.855371189185	0	76.4457641959442	10.254140175469	1.5392121543605	6.66194075093525	2.7023497776274596e-11	6.60630704017521e-10	62	151	332	0	0	0	0	0
TRINITY_DN133382_c0_g1_i3	HOL01	HOL03	74.3771866934409	0	27.8914450100403	8.79868932626602	1.32109370652649	6.660155356731	2.7353828441747002e-11	6.68172883503488e-10	37	63	103	0	0	0	0	0
TRINITY_DN125172_c1_g2_i2	HOL01	HOL03	160.117509081933	0	60.0440659057248	9.90553950165295	1.4875031485862	6.65917212415158	2.75374287866002e-11	6.72389597350932e-10	65	101	260	0	0	0	0	0
TRINITY_DN122552_c0_g1_i1	HOL01	HOL03	51.7663615960059	0	19.4123855985022	8.27508771490808	1.2432125747852	6.65621301034365	2.80972963403137e-11	6.84695571080603e-10	32	43	67	0	0	0	0	0
TRINITY_DN120971_c0_g1_i2	HOL01	HOL03	88.675124145764	0	33.2531715546615	9.05237641282101	1.36026784462566	6.65484849074864	2.8359203675337896e-11	6.89980101176421e-10	55	53	130	0	0	0	0	0
TRINITY_DN111784_c0_g1_i2	HOL01	HOL03	61.5980069822079	0	23.099252618328	8.52610873595507	1.28145695812306	6.65344917120212	2.8630272035902596e-11	6.96298672384082e-10	44	40	83	0	0	0	0	0
TRINITY_DN10387_c0_g2_i2	HOL01	HOL03	40.0595829389275	0	15.0223436020978	7.90540987364889	1.18888906336954	6.6494091982337	2.9427182292633796e-11	7.13696543465409e-10	24	42	46	0	0	0	0	0
TRINITY_DN11842_c0_g1_i2	HOL01	HOL03	30.5688947260504	0	11.4633355222689	7.51378068255458	1.13314974327776	6.63088062908627	3.3369001648062595e-11	8.01052173967578e-10	29	24	32	0	0	0	0	0
TRINITY_DN111981_c0_g1_i1	HOL01	HOL03	159.655096316318	0	59.8706611186192	9.90135985069403	1.49345357775092	6.62984105981054	3.3604851575823897e-11	8.06377367482792e-10	66	97	261	0	0	0	0	0
TRINITY_DN108142_c0_g1_i1	HOL01	HOL03	53.2667085846918	0	19.9750157192594	8.3166706342529	1.25595127763374	6.62180992396601	3.54827138117466e-11	8.47807135822556e-10	29	50	68	0	0	0	0	0
TRINITY_DN12404_c0_g1_i4	HOL01	HOL03	57.3057660230114	0	21.4896622586293	8.42183920413245	1.27223434167652	6.61972321312626	3.5987205630266796e-11	8.58187691135474e-10	37	42	77	0	0	0	0	0
TRINITY_DN134531_c0_g1_i1	HOL01	HOL03	149.440244162965	0	56.0400915611118	9.80592287879304	1.48480204144922	6.60419544495109	3.9968195234554395e-11	9.47223034682594e-10	64	90	243	0	0	0	0	0
TRINITY_DN12488_c0_g1_i8	HOL01	HOL03	169.748492877381	0	63.6556848290178	9.98980648610861	1.51379010009549	6.59920188768471	4.13377074381893e-11	9.77033939346369e-10	86	79	282	0	0	0	0	0
TRINITY_DN129199_c0_g1_i1	HOL01	HOL03	68.0615992182251	0	25.5230997068344	8.67032327321632	1.31931301471934	6.57184699649216	4.9694915132337594e-11	1.1633395436577801e-9	42	46	96	0	0	0	0	0
TRINITY_DN123468_c0_g1_i1	HOL01	HOL03	113.003737477242	0	42.3764015539657	9.40246607545722	1.43441634926296	6.55490721385632	5.567648394495279e-11	1.2939713338086702e-9	59	65	177	0	0	0	0	0
TRINITY_DN115921_c0_g2_i4	HOL01	HOL03	124.771458549404	0	46.7892969560264	9.54547020909304	1.45879981192587	6.54337225098168	6.01468655336644e-11	1.3899575342093102e-9	66	66	199	0	0	0	0	0
TRINITY_DN127237_c0_g1_i1	HOL01	HOL03	46.4974844821866	0	17.43655668082	8.11982273808222	1.24290682424214	6.53292956455787	6.4495480468531e-11	1.48429249434396e-9	33	34	60	0	0	0	0	0
TRINITY_DN126770_c0_g1_i1	HOL01	HOL03	111.61678124925	0	41.8562929684689	9.38463378592315	1.43721374285198	6.52974119722821	6.58834337151232e-11	1.5139597898310501e-9	60	62	175	0	0	0	0	0
TRINITY_DN116329_c0_g2_i1	HOL01	HOL03	60.5245389679585	0	22.6967021129844	8.50080821239302	1.30563021357315	6.5108850300949	7.47093101026755e-11	1.7084421294588302e-9	38	42	84	0	0	0	0	0
TRINITY_DN111311_c0_g1_i1	HOL01	HOL03	69.4225091000936	0	26.0334409125351	8.69890535679375	1.33612346221833	6.51055505181476	7.487362156394139e-11	1.7115607006984101e-9	45	43	99	0	0	0	0	0
TRINITY_DN12968_c0_g1_i1	HOL01	HOL03	104.786111909274	0	39.2947919659776	9.29366788964752	1.42852472035366	6.50578023413322	7.72911519736542e-11	1.7655062801498802e-9	40	88	156	0	0	0	0	0
TRINITY_DN11158_c0_g1_i1	HOL01	HOL03	28.0738564837024	0	10.5276961813884	7.3951969177597	1.1374926281821	6.50131414880325	7.96213611257549e-11	1.8153492544276601e-9	19	38	24	0	0	0	0	0
TRINITY_DN118475_c0_g1_i2	HOL01	HOL03	96.9878033065344	0	36.3704262399504	9.18181086100296	1.4130992523114	6.49764044951852	8.158951154736439e-11	1.8581480468127102e-9	53	57	149	0	0	0	0	0
TRINITY_DN13052_c0_g2_i1	HOL01	HOL03	169.45941991196	0	63.5472824669852	9.9873709506396	1.54285253952447	6.47331530057813	9.587559278761979e-11	2.1629649770626403e-9	72	86	288	0	0	0	0	0
TRINITY_DN112120_c0_g1_i1	HOL01	HOL03	75.0225002888175	0	28.1334376083066	8.81101427516494	1.36185806952892	6.46984768259496	9.81017555375091e-11	2.20874966905344e-9	42	50	110	0	0	0	0	0
TRINITY_DN112388_c0_g1_i1	HOL01	HOL03	53.0930867156439	0	19.9099075183665	8.31154429937923	1.28579484405461	6.46412943543133	1.01883638061891e-10	2.28423227905223e-9	46	30	68	0	0	0	0	0
TRINITY_DN11893_c0_g1_i1	HOL01	HOL03	152.415026694044	0	57.1556350102663	9.83456584220795	1.52165379932782	6.46307711159547	1.0259497691423501e-10	2.2989305306133103e-9	42	141	231	0	0	0	0	0
TRINITY_DN131897_c0_g1_i1	HOL01	HOL03	157.248898686513	0	58.9683370074423	9.87942051074203	1.53061527785271	6.45454194381349	1.08546712228676e-10	2.4216668722743503e-9	95	60	258	0	0	0	0	0
TRINITY_DN12626_c0_g2_i1	HOL01	HOL03	534.959603701547	0	200.60985138808	11.6462578483964	1.80961041130585	6.43578185427892	1.2283935131266701e-10	2.71973515701767e-9	87	275	1026	0	0	0	0	0
TRINITY_DN110242_c0_g1_i1	HOL01	HOL03	112.034884085362	0	42.0130815320106	9.39007122698792	1.46257345213934	6.42023907466174	1.36060493411039e-10	2.99621639390383e-9	53	66	179	0	0	0	0	0
TRINITY_DN10219_c0_g2_i1	HOL01	HOL03	682.396161478017	0	255.898560554256	11.9976312049053	1.86918649192033	6.41863787094854	1.37499048635834e-10	3.0268071205810503e-9	926	1124	39	0	0	0	0	0
TRINITY_DN111280_c0_g1_i2	HOL01	HOL03	109.871806124478	0	41.2019272966792	9.3622120133171	1.46486315896572	6.39118538548502	1.6460466983736e-10	3.58357352105409e-9	35	105	160	0	0	0	0	0
TRINITY_DN12059_c0_g1_i2	HOL01	HOL03	43.6098256121442	0	16.3536846045541	8.02724003435242	1.25824383578652	6.37971735369928	1.77415118641755e-10	3.837917518838221e-9	30	32	57	0	0	0	0	0
TRINITY_DN10877_c0_g1_i1	HOL01	HOL03	110.193935576716	0	41.3227258412683	9.3662030141063	1.4737017434385	6.35556214533118	2.07665770864457e-10	4.446776693627831e-9	46	72	176	0	0	0	0	0
TRINITY_DN10418_c0_g1_i3	HOL01	HOL03	0	110.190003069464	68.8687519184152	-22.4430531805572	3.53429415689365	-6.35008071888471	2.1520197820755002e-10	4.59850672861149e-9	0	0	0	0	249	0	263	0
TRINITY_DN130614_c0_g1_i1	HOL01	HOL03	66.1594262256426	0	24.809784834616	8.62945876757247	1.3664313533057	6.31532549856667	2.69593435867394e-10	5.6736869328561205e-9	38	43	97	0	0	0	0	0
TRINITY_DN11961_c0_g1_i1	HOL01	HOL03	89.9829479598031	0	33.7436054849262	9.07358773941871	1.44474025177531	6.28042842183499	3.37641304182126e-10	6.99051004329489e-9	54	45	140	0	0	0	0	0
TRINITY_DN104851_c0_g1_i4	HOL01	HOL03	83.6665755933458	0	31.3749658475047	8.96864341808559	1.4325427058793	6.26064645841088	3.83384812898235e-10	7.85791361411328e-9	36	61	128	0	0	0	0	0
TRINITY_DN12159_c0_g1_i1	HOL01	HOL03	129.358997723473	0	48.5096241463024	9.59762670274197	1.53511517974826	6.25205641202498	4.05083011544438e-10	8.26668905271383e-9	65	58	217	0	0	0	0	0
TRINITY_DN130065_c0_g1_i1	HOL01	HOL03	96.7208863768275	0	36.2703323913103	9.17973257923622	1.47058027932936	6.24225192481335	4.31315518023737e-10	8.787390282902641e-9	104	167	23	0	0	0	0	0
TRINITY_DN11961_c0_g1_i3	HOL01	HOL03	76.1830306487851	0	28.5686364932944	8.83318837330354	1.41804920555323	6.22911274073694	4.69084146114171e-10	9.525191263968321e-9	52	37	114	0	0	0	0	0
TRINITY_DN13268_c3_g1_i1	HOL01	HOL03	98.408662227903	0	36.9032483354636	9.20290168006134	1.47776804724734	6.2275684585302296	4.7372976285354e-10	9.60360902107757e-9	43	61	158	0	0	0	0	0
TRINITY_DN125619_c0_g2_i1	HOL01	HOL03	73.5302917162388	0	27.5738593935896	8.78206548023538	1.41156644964571	6.22150341022884	4.92413454561847e-10	9.95601500555195e-9	38	47	112	0	0	0	0	0
TRINITY_DN108946_c0_g1_i1	HOL01	HOL03	97.1523669684036	0	36.4321376131514	9.18438165579116	1.48502574424912	6.1846615732814	6.22358404280779e-10	1.24518428874766e-8	40	63	156	0	0	0	0	0
TRINITY_DN11408_c3_g1_i1	HOL01	HOL03	0	71.8755629814775	44.9222268634234	-21.8505136763176	3.5345560307535	-6.18196839608722	6.33072018039275e-10	1.26579278854896e-8	0	0	0	0	199	0	130	0
TRINITY_DN13093_c1_g1_i7	HOL01	HOL03	0	64.5410536842717	40.3381585526698	-21.6984676970258	3.5346416617517	-6.13880267746079	8.3145767917278e-10	1.63313856361533e-8	0	0	0	0	213	92	0	0
TRINITY_DN127146_c0_g1_i9	HOL01	HOL03	96.5159766803759	0	36.193491255141	9.17482161569042	1.49669612745892	6.13004967900024	8.78516365746746e-10	1.72060575814396e-8	51	47	157	0	0	0	0	0
TRINITY_DN13405_c0_g1_i2	HOL01	HOL03	2.62598127969329	42.403026870437	27.4866347739081	-4.08907401331961	0.667532092940906	-6.12565906053239	9.03090006450495e-10	1.76591136499128e-8	4	0	3	57	44	34	34	68
TRINITY_DN12011_c1_g1_i2	HOL01	HOL03	0	62.1861937207157	38.8663710754473	-21.6518602330806	3.53467306062974	-6.12556235377059	9.03638735374441e-10	1.76642054388144e-8	0	0	0	292	0	67	0	0
TRINITY_DN1048871_c0_g1_i1	HOL01	HOL03	92.3807986891595	0	34.6427995084348	9.11162953882807	1.4903364208818	6.11380719893896	9.72818286574876e-10	1.89019241009948e-8	43	52	150	0	0	0	0	0
TRINITY_DN10840_c0_g1_i2	HOL01	HOL03	61.9020813354064	0	23.2132805007774	8.53344858437663	1.40000450436003	6.09530080639095	1.0923185255682e-9	2.10370040339153e-8	34	39	93	0	0	0	0	0
TRINITY_DN10334_c0_g1_i17	HOL01	HOL03	0	54.7217784694688	34.201111543418	-21.4746325167381	3.5347916500908	-6.07521875191327	1.2381881379690702e-9	2.36529840649826e-8	0	0	0	0	0	272	0	58
TRINITY_DN107969_c0_g1_i2	HOL01	HOL03	49.5673328752608	0	18.5877498282228	8.21246785781894	1.35306512257495	6.06952889465527	1.2828601024320401e-9	2.44225787617446e-8	28	35	71	0	0	0	0	0
TRINITY_DN12865_c0_g2_i2	HOL01	HOL03	36.5172701974766	0	13.6939763240537	7.77105585160879	1.28052026971823	6.06867070781998	1.28973279484917e-9	2.45391447781606e-8	22	30	48	0	0	0	0	0
TRINITY_DN1259_c0_g1_i1	HOL01	HOL03	174.517007445364	0	65.4438777920114	10.0299506985249	1.65655016985721	6.05472196437576	1.40660399029505e-9	2.65883308415445e-8	38	128	298	0	0	0	0	0
TRINITY_DN12657_c0_g1_i3	HOL01	HOL03	0	92.9297912942252	58.0811195588907	-21.3805023590839	3.53438537884876	-6.04928440657143	1.4549061910117702e-9	2.74167696031849e-8	0	0	0	0	0	140	342	0
TRINITY_DN1009099_c0_g1_i1	HOL01	HOL03	84.093528152294	0	31.5350730571102	8.97597458589392	1.48471584812349	6.04558414139547	1.4886963165122901e-9	2.80104430093649e-8	36	53	135	0	0	0	0	0
TRINITY_DN10063_c0_g1_i6	HOL01	HOL03	82.5495089563224	0	30.9560658586209	8.94918858053443	1.49405334965724	5.98987217062062	2.10006033142908e-9	3.87284756424863e-8	38	47	134	0	0	0	0	0
TRINITY_DN101550_c0_g1_i1	HOL01	HOL03	62.1634032723905	0	23.3112762271465	8.53978509744073	1.42930577740319	5.97477826819963	2.30403341218115e-9	4.22863987209268e-8	26	49	93	0	0	0	0	0
TRINITY_DN101208_c0_g2_i2	HOL01	HOL03	41.42834916805	0	15.5356309380187	7.95352689731871	1.33134931081593	5.97403463741933	2.3145662566706904e-9	4.2466987895303e-8	22	34	57	0	0	0	0	0
TRINITY_DN124281_c0_g1_i1	HOL01	HOL03	76.3042777567336	0	28.6141041587751	8.83554501989834	1.47916056990072	5.97335083133767	2.32429312327446e-9	4.26326855123243e-8	45	36	121	0	0	0	0	0
TRINITY_DN114082_c0_g1_i10	HOL01	HOL03	125.292974147959	0	46.9848653054847	9.55156182026511	1.60074164161824	5.96696029635932	2.41714195359176e-9	4.42694671159617e-8	58	50	219	0	0	0	0	0
TRINITY_DN111629_c0_g1_i1	HOL01	HOL03	28.8058767714322	0	10.8022037892871	7.42796421901134	1.24609872639687	5.96097569290477	2.5073626662473e-9	4.58669928403429e-8	21	22	36	0	0	0	0	0
TRINITY_DN117238_c0_g1_i1	HOL01	HOL03	120.739055598413	0	45.2771458494051	9.49813161875708	1.611736198475	5.89310560111763	3.79004023494039e-9	6.77726897002783e-8	52	50	213	0	0	0	0	0
TRINITY_DN1016_c0_g1_i5	HOL01	HOL03	129.696901185537	0	48.6363379445764	9.60150828468783	1.63899108456405	5.85818213113813	4.679612795620161e-9	8.28096818885263e-8	37	75	229	0	0	0	0	0
TRINITY_DN1276_c1_g1_i6	HOL01	HOL03	0	87.8353147410027	54.8970717131267	-20.6435483606086	3.53441910341913	-5.84071887248415	5.197604950430591e-9	9.16055443263029e-8	0	0	0	282	0	0	0	271
TRINITY_DN130606_c0_g1_i2	HOL01	HOL03	33.7430020881286	0	12.6536257830482	7.65745951177623	1.31827832083223	5.80868196857102	6.296656807681321e-9	1.1018340074521e-7	17	32	44	0	0	0	0	0
TRINITY_DN12320_c0_g1_i3	HOL01	HOL03	51.2430799998193	0	19.2161549999323	8.26057618172886	1.42410135557923	5.80055355566248	6.60963593259683e-9	1.15429340404413e-7	43	22	72	0	0	0	0	0
TRINITY_DN113646_c0_g1_i1	HOL01	HOL03	73.337412888227007	0	27.5015298330851	8.7783637604139	1.52168691152706	5.76883700182749	7.98204608032912e-9	1.38214835788356e-7	33	40	121	0	0	0	0	0
TRINITY_DN114215_c0_g1_i1	HOL01	HOL03	68.7316837152885	0	25.7743813932332	8.6846839458922	1.50591004207484	5.76706689194159	8.066304246592581e-9	1.39516091772728e-7	33	37	112	0	0	0	0	0
TRINITY_DN12296_c0_g1_i4	HOL01	HOL03	158.728222718604	0	59.5230835194764	9.89300345530367	1.71609789538027	5.76482465361424	8.17427825467759e-9	1.41263979891767e-7	73	43	293	0	0	0	0	0
TRINITY_DN102995_c0_g1_i2	HOL01	HOL03	44.5946737673859	0	16.7230026627697	8.0598200079929	1.39911219616161	5.76066739329738	8.378199342133711e-9	1.44584120083701e-7	24	30	66	0	0	0	0	0
TRINITY_DN124094_c0_g1_i1	HOL01	HOL03	120.371696425601	0	45.1393861596002	9.49383612182652	1.65012995740723	5.75338692519936	8.7472964507883e-9	1.50529669231641e-7	32	73	212	0	0	0	0	0
TRINITY_DN12046_c0_g1_i3	HOL01	HOL03	62.7400530052596	0	23.5275198769723	8.55407902787784	1.4884118319039	5.74711840132035	9.077716604771271e-9	1.55821841512497e-7	17	84	76	0	0	0	0	0
TRINITY_DN104702_c0_g1_i2	HOL01	HOL03	45.5456192292506	0	17.079607210969	8.09023435875151	1.41046854199958	5.735848845861	9.702516487110121e-9	1.6561863124821e-7	27	27	68	0	0	0	0	0
TRINITY_DN102183_c0_g1_i2	HOL01	HOL03	87.4335482051895	0	32.7875805769461	9.03229007063913	1.58137692565098	5.71166173233556	1.1187830127227e-8	1.89861506117536e-7	30	52	149	0	0	0	0	0
TRINITY_DN10446_c0_g1_i3	HOL01	HOL03	0	267.471439872263	167.169649920164	-10.4264999931918	1.83121393036112	-5.69376402195441	1.24268809072111e-8	2.10016001384406e-7	0	0	0	593	31	15	494	384
TRINITY_DN10967_c0_g1_i1	HOL01	HOL03	52.5501189226169	0	19.7062945959813	8.29742735000112	1.45888723732411	5.6875042413972	1.28909402521981e-8	2.1755858751251e-7	19	47	77	0	0	0	0	0
TRINITY_DN102677_c0_g1_i1	HOL01	HOL03	61.5783991735846	0	23.0918996900942	8.52871646684865	1.50002801468084	5.68570478909574	1.30274267370301e-8	2.19680496611802e-7	69	104	14	0	0	0	0	0
TRINITY_DN118152_c0_g1_i1	HOL01	HOL03	58.1068671419318	0	21.7900751782244	8.44214945080006	1.49130794003972	5.66090290552278	1.50578610262531e-8	2.52115261014305e-7	31	30	93	0	0	0	0	0
TRINITY_DN1071_c0_g1_i2	HOL01	HOL03	49.6639439813523	0	18.6239789930071	8.21712479639981	1.45170616320679	5.66032231911747	1.5108894956188e-8	2.52900609754357e-7	15	73	54	0	0	0	0	0
TRINITY_DN1013161_c0_g1_i3	HOL01	HOL03	47.9094936807181	0	17.9660601302693	8.16423402228231	1.45656936666123	5.60511171602934	2.08120682761466e-8	3.42836713848231e-7	16	50	66	0	0	0	0	0
TRINITY_DN101080_c0_g1_i1	HOL01	HOL03	57.4088231320909	0	21.5283086745341	8.42472265428302	1.50680562065279	5.59111443361434	2.25616820451632e-8	3.6967005272341e-7	29	30	93	0	0	0	0	0
TRINITY_DN11052_c0_g1_i1	HOL01	HOL03	27.1836449525796	0	10.1938668572173	7.34447386347995	1.316064021585	5.58063570086406	2.39641100127945e-8	3.91496872457022e-7	26	15	33	0	0	0	0	0
TRINITY_DN11307_c0_g3_i3	HOL01	HOL03	63.3492686717513	0	23.7559757519067	8.5674069844329	1.53962268771406	5.56461466357923	2.62732325071502e-8	4.27170128207415e-7	18	58	96	0	0	0	0	0
TRINITY_DN1012397_c0_g1_i1	HOL01	HOL03	60.6360165619984	0	22.7385062107494	8.50393780246738	1.53884974996675	5.52616511303401	3.27306117125476e-8	5.26569187328205e-7	21	43	98	0	0	0	0	0
TRINITY_DN10387_c1_g1_i1	HOL01	HOL03	43.8005092046482	0	16.4251909517431	8.03393787865842	1.46226390370335	5.49417780081388	3.92534865234424e-8	6.25106926146518e-7	22	27	68	0	0	0	0	0
TRINITY_DN104486_c0_g1_i10	HOL01	HOL03	151.668220968365	0	56.875582863137	9.82738211291191	1.79399475822703	5.47793245651627	4.30324322533822e-8	6.82978211694029e-7	37	57	296	0	0	0	0	0
TRINITY_DN1003214_c0_g1_i1	HOL01	HOL03	28.2906600068412	0	10.6089975025655	7.40232479473709	1.35333550554524	5.4696893448863	4.50825069134775e-8	7.13666568744282e-7	16	22	39	0	0	0	0	0
TRINITY_DN103071_c0_g1_i1	HOL01	HOL03	58.3330109411025	0	21.8748791029134	8.44794773699459	1.54454138092231	5.46955092388005	4.51177280662139e-8	7.14039621420941e-7	22	37	96	0	0	0	0	0
TRINITY_DN107852_c0_g1_i1	HOL01	HOL03	43.6694925827912	0	16.3760597185467	8.02975315115428	1.47945454937273	5.42750918205552	5.71459279314419e-8	8.96295694537615e-7	19	30	68	0	0	0	0	0
TRINITY_DN1024300_c0_g1_i1	HOL01	HOL03	32.9400613870655	0	12.3525230201496	7.62227342353394	1.40691458278073	5.4177229497961	6.03628549977518e-8	9.44092311903822e-7	17	24	48	0	0	0	0	0
TRINITY_DN11307_c0_g3_i1	HOL01	HOL03	38.2698809159681	0	14.351205343488	7.83940132664065	1.45505536441843	5.38769968369827	7.13651677725484e-8	1.10572692798423e-6	15	33	56	0	0	0	0	0
TRINITY_DN10355_c0_g1_i3	HOL01	HOL03	41.95106662653	0	15.7316499849488	7.97214654136558	1.48081210937498	5.38363138097949	7.299792117798e-8	1.12955380760544e-6	15	37	62	0	0	0	0	0
TRINITY_DN1016495_c0_g1_i1	HOL01	HOL03	37.9557549800078	0	14.2334081175029	7.82718648573295	1.46472748720111	5.34378343693788	9.10263132336053e-8	1.39343953713902e-6	17	27	58	0	0	0	0	0
TRINITY_DN1012676_c0_g1_i1	HOL01	HOL03	34.9462112797988	0	13.1048292299245	7.70782637682232	1.4597108862697	5.28037877179894	1.28917098795739e-7	1.94289009188766e-6	16	25	53	0	0	0	0	0
TRINITY_DN11878_c0_g1_i3	HOL01	HOL03	3.09688811478041	186.52493752662	117.73941899718	-5.94965405373426	1.14525454098123	-5.19504952028982	2.04665353407864e-7	3.03373180397434e-6	3	0	5	94	457	197	112	64
TRINITY_DN113453_c0_g1_i1	HOL01	HOL03	58.1143678358209	0	21.7928879384328	8.44258479601904	1.62845829522964	5.18440344511771	2.16707376822085e-7	3.20370270903749e-6	19	33	101	0	0	0	0	0
TRINITY_DN12159_c0_g1_i2	HOL01	HOL03	69.6296780091536	0	26.1111292534326	8.7041176925293	1.68466522561504	5.16667499286193	2.38295095737098e-7	3.50592518014933e-6	12	72	106	0	0	0	0	0
TRINITY_DN11732_c0_g1_i5	HOL01	HOL03	17.7440560563655	0	6.65402102113706	6.72842851566208	1.30555366545981	5.15369738806745	2.55399969532804e-7	3.74499002716327e-6	11	16	22	0	0	0	0	0
TRINITY_DN108145_c0_g1_i1	HOL01	HOL03	48.6849041068803	0	18.2568390400801	8.18677701165929	1.59039188915914	5.14764761280801	2.63773416785472e-7	3.86407241332578e-6	21	24	83	0	0	0	0	0
TRINITY_DN122057_c0_g1_i1	HOL01	HOL03	47.7776308523013	0	17.916611569613	8.15964623683545	1.58633004047566	5.14372547240469	2.69343043666828e-7	3.9418927100241e-6	19	26	81	0	0	0	0	0
TRINITY_DN11382_c0_g1_i3	HOL01	HOL03	44.6634725297233	0	16.7488021986462	8.06229075964601	1.57650351394985	5.11403285073964	3.15352477384434e-7	4.59221269836048e-6	18	25	75	0	0	0	0	0
TRINITY_DN1015921_c0_g1_i1	HOL01	HOL03	26.0485968010286	0	9.76822380038574	7.28285236001326	1.42542950653684	5.10923362159617	3.23468185525868e-7	4.70480328819356e-6	16	16	38	0	0	0	0	0
TRINITY_DN1005031_c0_g1_i1	HOL01	HOL03	48.7895187292493	0	18.2960695234685	8.18988629446762	1.60584168024919	5.10005836515386	3.3954876150419e-7	4.92933075261403e-6	21	23	84	0	0	0	0	0
TRINITY_DN102995_c0_g1_i1	HOL01	HOL03	19.0612937309483	0	7.14798514910559	6.83130490912824	1.33964968010803	5.09932186792098	3.40872487293028e-7	4.94620350285002e-6	13	14	25	0	0	0	0	0
TRINITY_DN13052_c0_g1_i1	HOL01	HOL03	136.628567298915	0	51.2357127370933	9.67676511399485	1.91575693668131	5.05114449996877	4.3917067316645e-7	6.30682441401693e-6	16	68	269	0	0	0	0	0
TRINITY_DN104271_c0_g1_i7	HOL01	HOL03	29.1800253314044	0	10.9425094992766	7.44711895275295	1.48369893630667	5.01929250639678	5.18621294641536e-7	7.38375467664988e-6	15	18	45	0	0	0	0	0
TRINITY_DN11052_c0_g1_i2	HOL01	HOL03	28.2815282151508	0	10.6055730806816	7.40258882149399	1.47513843839711	5.01823329174288	5.21488269903962e-7	7.42112331687025e-6	11	25	41	0	0	0	0	0
TRINITY_DN101250_c0_g1_i4	HOL01	HOL03	24.2952747758073	0	9.11072804092773	7.18429401355269	1.43633016567863	5.00184023508152	5.67856416598201e-7	8.05477833990636e-6	9	29	30	0	0	0	0	0
TRINITY_DN12670_c0_g1_i1	HOL01	HOL03	50.2664438451966	0	18.8499164419487	8.23329928924167	1.64680839533054	4.99954901407285	5.74645635914275e-7	8.14730747350526e-6	51	11	71	0	0	0	0	0
TRINITY_DN111145_c0_g1_i1	HOL01	HOL03	22.916812617288	0	8.593804731483	7.09881969458225	1.41994601301762	4.99935886963484	5.75212564512363e-7	8.15345843121723e-6	10	22	31	0	0	0	0	0
TRINITY_DN103864_c0_g1_i2	HOL01	HOL03	60.1838025481687	0	22.5689259555633	8.49321387788041	1.7111869632957	4.96334653083303	6.92887952244142e-7	9.74033837042976e-6	48	12	97	0	0	0	0	0
TRINITY_DN119705_c0_g1_i1	HOL01	HOL03	33.8466969194263	0	12.6925113447848	7.66169953952716	1.55235318213902	4.93553891452068	7.99297407296388e-7	1.11695613739048e-5	14	21	55	0	0	0	0	0
TRINITY_DN13440_c0_g1_i1	HOL01	HOL03	313.76596051139	0	117.662235191771	10.8767543051758	2.21269794069676	4.91560737013693	8.85076254303563e-7	1.23401061828401e-5	295	685	4	0	0	0	0	0
TRINITY_DN1070_c0_g1_i1	HOL01	HOL03	24.2456593879221	0	9.09212227047078	7.18567511420005	1.4639082337393	4.90855570628595	9.17495692988668e-7	1.27775718662343e-5	28	38	7	0	0	0	0	0
TRINITY_DN11900_c0_g1_i2	HOL01	HOL03	79.7731191959784	0	29.9149196984919	8.89998263034836	1.81563987486746	4.90184356134943	9.49414306452267e-7	1.32040791500988e-5	29	20	155	0	0	0	0	0
TRINITY_DN11732_c0_g1_i3	HOL01	HOL03	18.4505941356787	0	6.9189728008795	6.78417082366144	1.38532051829648	4.89718497204091	9.72193160741695e-7	1.35116764080124e-5	13	12	25	0	0	0	0	0
TRINITY_DN107794_c0_g1_i1	HOL01	HOL03	34.6229535521482	0	12.9836075820556	7.69455044080753	1.57831037015162	4.87518208479384	1.08708136598717e-6	1.50333782673751e-5	13	22	57	0	0	0	0	0
TRINITY_DN131992_c0_g1_i1	HOL01	HOL03	61.472013749879	0	23.0520051562046	8.52372734999116	1.75411465739893	4.85927605361356	1.17815764013052e-6	1.62269495295226e-5	18	25	116	0	0	0	0	0
TRINITY_DN110829_c0_g1_i2	HOL01	HOL03	57.5379265872934	0	21.576722470235	8.42822807005528	1.74798352039271	4.82168622972015	1.42349736182656e-6	1.94834045749733e-5	17	24	108	0	0	0	0	0
TRINITY_DN107960_c0_g1_i1	HOL01	HOL03	21.3030748679076	0	7.98865307546535	6.99216573244292	1.47164084824171	4.75127184788125	2.02141151914122e-6	2.72650228747576e-5	15	11	31	0	0	0	0	0
TRINITY_DN110829_c0_g1_i1	HOL01	HOL03	33.4452265688947	0	12.5419599633355	7.6444456813916	1.61617028728002	4.72997538783924	2.2454705793062702e-06	3.01808389864063e-5	14	17	57	0	0	0	0	0
TRINITY_DN103105_c0_g1_i1	HOL01	HOL03	17.9705555089012	0	6.73895831583793	6.74687910217709	1.43450315454665	4.70328634746664	2.5600697410439e-6	3.42440071060202e-5	9	15	25	0	0	0	0	0
TRINITY_DN11241_c0_g1_i184	HOL01	HOL03	8.81190116200007	50.7441362577753	35.0195480968596	-2.52540412097946	0.541626581751179	-4.66262957924694	3.12194388595564e-6	4.13713277709929e-5	15	5	5	61	51	76	49	39
TRINITY_DN103814_c0_g1_i4	HOL01	HOL03	39.7080836296461	0	14.8905313611173	7.8926105607875	1.6971722251623	4.65044763505527	3.31215337984834e-6	4.37405588509698e-5	12	21	71	0	0	0	0	0
TRINITY_DN1035515_c0_g1_i1	HOL01	HOL03	15.0046840159778	0	5.62675650599167	6.48577812038257	1.39737079094898	4.64141526529115	3.46030917995349e-6	4.55792133501378e-5	9	12	20	0	0	0	0	0
TRINITY_DN10472_c0_g1_i2	HOL01	HOL03	7.48461190465554	135.639611934496	87.5814869233059	-4.2098073085262	0.910060532314788	-4.62585417018176	3.73057723936652e-6	4.89602299518662e-5	5	0	14	136	160	223	98	122
TRINITY_DN119058_c0_g1_i1	HOL01	HOL03	32.6076718677245	0	12.2278769503967	7.60826550066209	1.6492310804961	4.61321981536601	3.96478606805173e-6	5.18784042902719e-5	9	24	54	0	0	0	0	0
TRINITY_DN111318_c0_g1_i2	HOL01	HOL03	0	17.3426344103886	10.8391465064929	-6.47430968338053	1.40766457414367	-4.59932700041065	4.23858013251389e-6	5.52955993735516e-5	0	0	0	20	30	10	7	27
TRINITY_DN12508_c0_g1_i1	HOL01	HOL03	1.10800842984475	28.0142921295211	17.9244357421425	-4.71392777766692	1.03355629831059	-4.56088147822436	5.09393286774992e-6	6.60604592034216e-5	2	0	1	17	39	49	15	33
TRINITY_DN1175_c0_g2_i3	HOL01	HOL03	37.4732438525749	0	14.0524664447156	7.8121765772971	1.71406630540729	4.55768633491736	5.17201995383599e-6	6.70022115525173e-5	56	52	5	0	0	0	0	0
TRINITY_DN114112_c0_g1_i3	HOL01	HOL03	29.2230598164719	0	10.9586474311769	7.44955085820731	1.63959827356012	4.54352201898324	5.5322023643069e-6	7.14567390774897e-5	11	16	50	0	0	0	0	0
TRINITY_DN12968_c0_g1_i4	HOL01	HOL03	20.2921803665428	0	7.60956763745354	6.92319481801242	1.52981007307112	4.52552571059621	6.02455562653779e-6	7.76198425549074e-5	25	7	23	0	0	0	0	0
TRINITY_DN110038_c2_g1_i2	HOL01	HOL03	21.6602352889353	0	8.12258823335075	7.01677186577897	1.55671313898742	4.50742766284037	6.56182907021684e-6	8.4258506461684e-5	9	15	34	0	0	0	0	0
TRINITY_DN135094_c0_g1_i10	HOL01	HOL03	0	14.6775114348238	9.17344464676485	-6.23073299873832	1.3849494240082	-4.4988884725522	6.83096798950345e-6	8.76226113779209e-5	0	0	0	11	18	27	15	7
TRINITY_DN13405_c0_g1_i1	HOL01	HOL03	2.62598127969329	50.9318286621282	32.8171358937151	-4.31798904662122	0.962880364173448	-4.48445020511748	7.31021740883805e-6	9.35350562066928e-5	4	0	3	57	56	113	15	41
TRINITY_DN103864_c0_g1_i3	HOL01	HOL03	43.6769932766802	0	16.3788724787551	8.03065245978005	1.79436852819321	4.47547554117341	7.62414269693126e-6	9.74296733504589e-5	7	33	76	0	0	0	0	0
TRINITY_DN116916_c0_g1_i1	HOL01	HOL03	23.9284184253827	0	8.97315690951852	7.16043275640888	1.60595609735076	4.45867279200282	8.24687010899712e-6	1.0514630665712e-4	14	10	39	0	0	0	0	0
TRINITY_DN12031_c0_g2_i1	HOL01	HOL03	0.349022004920473	23.2009333906573	14.631466621006	-5.94205062916749	1.33316359145325	-4.45710538996208	8.30737674597297e-6	1.0589571818321e-4	1	0	0	34	17	43	8	31
TRINITY_DN114082_c0_g2_i1	HOL01	HOL03	33.8023869899224	0	12.6758951212209	7.66022995892951	1.74188274827489	4.39767255661495	1.09417886219881e-5	1.3747473263922e-4	8	21	60	0	0	0	0	0
TRINITY_DN12170_c0_g1_i3	HOL01	HOL03	32.3985162074982	0	12.1494435778118	7.59862752359649	1.73123241285606	4.3891435183222	1.1379795317813e-5	1.427437347574e-4	18	9	57	0	0	0	0	0
TRINITY_DN11340_c0_g1_i1	HOL01	HOL03	32.4766552458674	0	12.1787457172003	7.6028327684975	1.75288109383123	4.3373351422715	1.44220632244887e-5	1.789989585336e-4	6	27	54	0	0	0	0	0
TRINITY_DN12866_c0_g1_i2	HOL01	HOL03	19.6889814651623	0	7.38336804943585	6.87852333965092	1.60154165441893	4.29493876770041	1.74741559923009e-5	2.1565657102262e-4	13	8	31	0	0	0	0	0
TRINITY_DN113516_c0_g1_i23	HOL01	HOL03	77.0581624039125	0	28.8968109014672	8.85023382165566	2.08444988813439	4.24583669390909	2.17779210210745e-5	2.661441802342e-4	6	28	162	0	0	0	0	0
TRINITY_DN1010265_c0_g1_i1	HOL01	HOL03	31.9623582723479	0	11.9858843521304	7.58048069912135	1.8154378477905	4.17556608084781	2.97245948853756e-5	3.5924597681254e-4	4	37	47	0	0	0	0	0
TRINITY_DN12398_c0_g1_i1	HOL01	HOL03	2.04982210001899	30.3131463353683	19.7143997471123	-4.00453275546927	0.976191169614044	-4.10220137214777	4.09237860832866e-5	4.8852570280989e-4	0	0	5	26	42	40	20	37
TRINITY_DN12460_c0_g1_i1	HOL01	HOL03	31.5254277151496	0	11.8220353931811	7.55977468083384	1.8496630376695	4.08710912575669	4.36781702256495e-5	5.1918039242025e-4	5	21	57	0	0	0	0	0
TRINITY_DN12272_c0_g1_i2	HOL01	HOL03	0	9.92039163937575	6.20024477460984	-5.65704308271065	1.38851098298407	-4.07417957224437	4.6176842386365103e-05	5.4792405483553e-4	0	0	0	6	18	12	7	9
TRINITY_DN115668_c0_g1_i1	HOL01	HOL03	18.1097105468655	0	6.79114145507454	6.75897056193526	1.66434832797807	4.06103124467124	4.88564318323629e-5	5.7792847718595e-4	5	16	28	0	0	0	0	0
TRINITY_DN11370_c0_g2_i1	HOL01	HOL03	0	9.05798832268886	5.66124270168054	-5.52664028066478	1.37295507005613	-4.02536135464276	5.68878902319116e-5	6.6892952385366e-4	0	0	0	6	15	13	6	8
TRINITY_DN10940_c0_g1_i2	HOL01	HOL03	0.409964420003798	13.0731345087641	8.32444572547899	-5.12030864235165	1.27446926438415	-4.01760072639013	5.87937065154981e-5	6.9080913737225e-4	0	0	1	13	11	21	7	23
TRINITY_DN1034623_c0_g1_i1	HOL01	HOL03	21.9480328099193	0	8.23051230371973	7.03588681908489	1.75843014101435	4.00123192555505	6.30135570909224e-5	7.384084827967e-4	13	6	38	0	0	0	0	0
TRINITY_DN10098_c0_g1_i5	HOL01	HOL03	4.20489654462516	30.4111392337504	20.5837982253284	-2.90866907431846	0.72987349460346	-3.98516879407813	6.74321739469942e-5	7.8837734208295e-4	5	0	6	29	42	35	20	40
TRINITY_DN10087_c0_g1_i1	HOL01	HOL03	0.758986424924272	20.6737888035247	13.2057379115495	-4.84915432304849	1.21745995635824	-3.98300929547914	6.8048092910157e-5	7.9512308143333e-4	1	0	1	15	39	25	12	17
TRINITY_DN11833_c0_g1_i7	HOL01	HOL03	4.38772378987513	57.4946353269569	37.5795435005513	-3.76268472477588	0.947361737839111	-3.97175078376966	7.13463383495765e-5	8.3144202516836e-4	2	0	9	37	85	86	39	63
TRINITY_DN13368_c0_g1_i1	HOL01	HOL03	3.91681695478801	41.3603573921956	27.3190297281677	-3.45707307719023	0.875800118529788	-3.94733113646256	7.9027219739279e-5	9.1711395394723e-4	3	0	7	31	43	88	28	38
TRINITY_DN1189_c0_g1_i1	HOL01	HOL03	108.555348537431	0	40.7082557015367	9.34494759619243	2.37408158146007	3.93623693017543	8.27692593485653e-5	9.5854312579795e-4	2	31	240	0	0	0	0	0
TRINITY_DN0_c0_g1_i70	HOL01	HOL03	0	47.1950813088256	29.496925818016	-7.92437759736351	2.01458656929618	-3.9335006587142902	8.37176094334316e-5	9.6897636628005e-4	0	0	0	53	0	93	62	67
TRINITY_DN11604_c1_g1_i1	HOL01	HOL03	3.38496770461756	21.8656113057598	14.9353699553314	-2.76059190824714	0.701879536896115	-3.93314203239941	8.38426622950593e-5	9.7024046471141e-4	5	0	4	26	13	30	16	42
TRINITY_DN1027218_c0_g1_i3	HOL01	HOL03	22.8285484116452	0	8.56070565436697	7.09323189341768	1.8068329970108301	3.92578168826477	8.64485358474615e-5	9.9907501445444e-4	5	14	41	0	0	0	0	0
TRINITY_DN10472_c0_g1_i3	HOL01	HOL03	0	32.3876302787032	20.2422689241895	-7.37772765662677	1.88002114723382	-3.92427907924442	8.69898456419206e-5	0.00100495170913841	0	0	0	11	94	39	2	13
TRINITY_DN11833_c0_g1_i2	HOL01	HOL03	1.57891526493187	24.2605519001499	15.7549381619431	-4.04143438117592	1.03918215850034	-3.88905289425694	1.0063618489964e-4	0.00115562785295346	1	0	3	22	31	48	7	26
TRINITY_DN11124_c0_g1_i1	HOL01	HOL03	6.1328338144775	86.8594955032078	56.5869973699339	-3.8467267717252702	0.989384631604291	-3.88799931679531	1.0107391114359e-4	0.00116000206414205	7	0	9	54	152	137	35	85
TRINITY_DN13433_c0_g1_i3	HOL01	HOL03	46.0482335222071	0	17.2680875708277	8.1069480753931	2.0988223089378	3.86261764079303	1.1217851476646e-4	0.00128096781922422	4	16	97	0	0	0	0	0
TRINITY_DN11425_c0_g1_i15	HOL01	HOL03	0	58.1164967913737	36.3228104946085	-8.2242151060814	2.13670274748325	-3.8490216366167	1.1859053331254e-4	0.00135217045269431	0	0	0	29	0	116	123	59
TRINITY_DN11158_c0_g1_i2	HOL01	HOL03	17.6649236424131	0	6.62434636590493	6.72203420557904	1.7616475649968	3.8157656157469	1.3576132735387e-4	0.00154049753615125	11	5	30	0	0	0	0	0
TRINITY_DN10383_c1_g1_i6	HOL01	HOL03	0	32.506115822404	20.3163223890025	-7.38673721473492	1.97042777854089	-3.74879876094968	1.7768358442124e-4	0.00199916059364528	0	0	0	31	0	61	48	49
TRINITY_DN13433_c0_g1_i6	HOL01	HOL03	38.4599267862539	0	14.4224725448452	7.8472928224981	2.10309869687697	3.73130031136962	1.9049397538801e-4	0.00213701380959458	2	27	72	0	0	0	0	0
TRINITY_DN105688_c0_g1_i1	HOL01	HOL03	0.409964420003798	25.0008345731679	15.7792582657313	-6.04253141027939	1.62627095904211	-3.71557481038614	2.0274226734781e-4	0.00226860265288205	0	0	1	9	49	52	3	19
TRINITY_DN132981_c0_g1_i1	HOL01	HOL03	19.0603739398769	0	7.14764022745382	6.8321928995209	1.88574139459673	3.62308051310609	2.9111515717432e-4	0.00321228167758841	10	4	35	0	0	0	0	0
TRINITY_DN12869_c0_g2_i2	HOL01	HOL03	10.7033848496026	235.336536545667	151.099104659643	-4.47062874125628	1.2377576821494	-3.6118771919015	3.0398852643549e-4	0.00334709724928426	6	0	21	132	542	312	89	118
TRINITY_DN12869_c0_g1_i1	HOL01	HOL03	1.86699485476902	36.1073561809097	23.2672206836069	-4.30360831289963	1.19341410052392	-3.60613161098926	3.1079555100479e-4	0.0034195883335501	3	0	2	25	95	26	9	26
TRINITY_DN114508_c0_g1_i1	HOL01	HOL03	0	10.4431331449226	6.52695821557663	-5.74690809079783	1.61275829582704	-3.56340321154618	3.6607771158156e-4	0.00400410977407992	0	0	0	7	14	24	1	12
TRINITY_DN1001876_c0_g1_i2	HOL01	HOL03	11.2706943064397	0	4.2265103649149	6.07456610518489	1.71479702444267	3.54244031135942	3.9644313069512e-4	0.00432081400387397	3	12	16	0	0	0	0	0
TRINITY_DN13157_c0_g1_i1	HOL01	HOL03	0.409964420003798	10.905986222756	6.96997804672395	-4.84871930348543	1.37438581458035	-3.52791716274075	4.1884320888087e-4	0.00455684452240609	0	0	1	4	11	23	8	15
TRINITY_DN11761_c0_g1_i1	HOL01	HOL03	0	51.7539755982648	32.3462347489155	-8.05772200808567	2.29554811554799	-3.51015165115027	4.4785119188809e-4	0.00485605443692753	0	0	0	0	19	25	32	256
TRINITY_DN10684_c0_g1_i1	HOL01	HOL03	16.5157203096437	230.995101063123	150.565333280568	-3.80031490343651	1.0878851140955	-3.4933053630357	4.7708062450269e-4	0.00515292494691621	19	27	4	78	600	52	55	418
TRINITY_DN12465_c0_g1_i25	HOL01	HOL03	2.04982210001899	46.9967105036472	30.1416273522866	-4.58953551124976	1.32717773447195	-3.45811671793591	5.4396566534923e-4	0.00584136171012978	0	0	5	74	28	45	7	130
TRINITY_DN10456_c1_g1_i1	HOL01	HOL03	4.96388296954943	38.3142581849632	25.807867479183	-2.98168968453769	0.865995569533539	-3.44307729673923	5.7513490471483e-4	0.00616742336207685	6	0	7	24	58	58	23	44
TRINITY_DN10306_c0_g1_i6	HOL01	HOL03	0	20.0030730295149	12.5019206434468	-6.685828853451	1.94979438088552	-3.42899175369177	6.0582793442902e-4	0.00648747364917417	0	0	0	31	16	0	23	44
TRINITY_DN11532_c0_g1_i3	HOL01	HOL03	38.520739105213	167.674205030455	119.241655308489	-2.11977377985834	0.618838668911986	-3.42540614597538	6.138809879424e-4	0.00656796908213681	75	27	10	229	109	146	179	292
TRINITY_DN11604_c1_g1_i2	HOL01	HOL03	0.819928840007597	15.9057220354617	10.2485495871664	-4.44322204211686	1.30659760923694	-3.40060475444441	6.7236968259129e-4	0.00716247328544439	0	0	2	8	10	39	7	29
TRINITY_DN1303_c2_g1_i1	HOL01	HOL03	1.63985768001519	28.1402417740623	18.2025977387947	-4.19381789267695	1.23603777752971	-3.3929528440939	6.9143540082662e-4	0.00735917424615036	0	0	4	12	58	33	14	30
TRINITY_DN1303_c0_g1_i1	HOL01	HOL03	23.2654789688435	2.35136238401742	10.1941561033272	3.26707134529866	0.966497244516331	3.3803214275418	7.2401105054165e-4	0.00769385758704825	4	30	31	3	0	5	2	4
TRINITY_DN101120_c0_g1_i2	HOL01	HOL03	0	32.8752301825371	20.5470188640857	-7.40235441419572	2.22003083519704	-3.33434756708626	8.5499748646621e-4	0.00901078806354371	0	0	0	0	44	65	4	76
TRINITY_DN12579_c0_g1_i6	HOL01	HOL03	1.57891526493187	13.8164378919772	9.22736690683522	-3.23697725433988	0.971962429088543	-3.33035224147023	8.6736184208722e-4	0.00913638042155944	1	0	3	13	20	22	6	14
TRINITY_DN11704_c0_g1_i5	HOL01	HOL03	7.6159105953658	41.5363169165798	28.8161645461245	-2.46341891028888	0.73970660992485	-3.33026483370096	8.6763418735379e-4	0.00913767805051662	6	6	9	102	32	21	17	66
TRINITY_DN11090_c0_g1_i1	HOL01	HOL03	3.21877294494706	40.1954959914753	26.3292248490272	-3.69473772722691	1.11775254267477	-3.30550599185884	9.4805076950897e-4	0.0099316748106067	1	0	7	33	80	48	13	37
TRINITY_DN11097_c0_g3_i2	HOL01	HOL03	1.53524305764619	22.4310165903116	14.5951015155621	-3.93595281805824	1.19284054171458	-3.29964708644187	9.6806482887422e-4	0.0101292153050933	0	1	3	53	3	36	21	15
TRINITY_DN12869_c0_g2_i1	HOL01	HOL03	0	11.2652879924643	7.04080499529019	-5.84581015171559	1.77811591753863	-3.28764288877617	0.00101029904904744	0.0105495058192932	0	0	0	3	33	9	6	3
TRINITY_DN1342_c3_g1_i4	HOL01	HOL03	373.911723141786	0	140.21689617817	11.1294944228139	3.442121649214	3.23332396615189	0.00122358718874903	0.0126558537809103	0	423	597	0	0	0	0	0
TRINITY_DN10098_c0_g1_i4	HOL01	HOL03	2.04982210001899	23.4800473836134	15.4437129022655	-3.61034701733013	1.12637836387849	-3.20527021213236	0.00134935740217003	0.0138747369132499	0	0	5	13	28	48	15	25
TRINITY_DN11168_c1_g1_i5	HOL01	HOL03	158.800411110885	468.41776597502	352.31125790097	-1.56093963331538	0.489531161567326	-3.18864202294649	0.0014294277294552	0.0146636019741484	97	189	164	246	551	809	344	641
TRINITY_DN10777_c0_g1_i1	HOL01	HOL03	2.33790168985614	20.1008308314319	13.439732403341	-3.16534395294483	0.993337502516823	-3.18657449751448	0.00143968405658736	0.0147638708333966	2	0	4	13	41	20	10	21
TRINITY_DN10592_c1_g3_i3	HOL01	HOL03	1.45703043476522	14.7573731896898	9.76974465659307	-3.3754907998291	1.06274918159303	-3.17618762572871	0.00149224403056208	0.0152696418981668	3	0	1	22	16	13	3	31
TRINITY_DN12422_c0_g1_i1	HOL01	HOL03	2.33790168985614	13.960310517879	9.60190720737043	-2.66397696858885	0.846147611885076	-3.14835961381958	0.00164189567293232	0.0167311135413927	2	0	4	12	19	22	8	15
TRINITY_DN12758_c0_g1_i1	HOL01	HOL03	6.43754588989412	64.3384651224512	42.6256204102423	-3.35147266589735	1.06506325102776	-3.14673580434144	0.00165104071180814	0.0168215045946287	2	0	14	55	87	111	34	63
TRINITY_DN11543_c0_g1_i3	HOL01	HOL03	32.8011148334427	3.00208685786485	14.1767223487065	3.43974533998781	1.11158044730755	3.0944636965498	0.00197169062935405	0.0199063419621156	10	49	35	11	0	2	3	1
TRINITY_DN119367_c0_g1_i1	HOL01	HOL03	0.349022004920473	11.8002892589261	7.50606403867402	-4.95090557291515	1.61258949342232	-3.0701586442859	0.00213945095217278	0.0214902744192426	1	0	0	5	29	17	4	4
TRINITY_DN107484_c0_g1_i2	HOL01	HOL03	13.739256964788	0	5.15222136179549	6.3619457923285	2.07451201330906	3.06671918577157	0.00216422070926885	0.0217212734783646	1	17	20	0	0	0	0	0
TRINITY_DN12436_c0_g1_i1	HOL01	HOL03	0.715314217638594	9.56082301869102	6.24375721829636	-3.76783356345163	1.23348949606179	-3.05461341623203	0.00225350790366659	0.0225545915213734	0	1	1	19	4	6	15	9
TRINITY_DN11932_c0_g1_i119	HOL01	HOL03	0	171.910376570627	107.443985356642	-9.78864643946425	3.22329811619999	-3.03684179575803	0.00239070895000561	0.0238188327214496	0	0	0	415	0	315	228	0
TRINITY_DN13268_c0_g1_i17	HOL01	HOL03	0	25.444239283241	15.9026495520257	-7.03321395140354	2.33602073159639	-3.01076692354404	0.00260588796294019	0.0258115625341317	0	0	0	100	4	36	0	7
TRINITY_DN109714_c0_g1_i2	HOL01	HOL03	27.4650700550873	304.480219680198	200.599538570781	-3.46832729730807	1.16170804240597	-2.98554126398655	0.00283076943123992	0.027849916117882	34	39	9	44	753	63	58	710
TRINITY_DN1085_c1_g1_i17	HOL01	HOL03	1.22139919053918	498.563036123916	312.0599222739	-8.65153090890355	2.91680159368141	-2.96610195484161	0.00301600488578746	0.029565556160031	0	4	0	1405	0	1065	0	507
TRINITY_DN11543_c0_g3_i1	HOL01	HOL03	44.0551030697912	6.01518704051624	20.2801555514943	2.86782193668421	0.971135736244486	2.95305983463699	0.00314640969332032	0.0307626072521358	11	78	40	12	0	7	10	5
TRINITY_DN12683_c0_g1_i1	HOL01	HOL03	0.65437180255526906	9.25748552505833	6.03131787911968	-3.73107661431033	1.26916175818695	-2.93979596394421	0.00328428440689569	0.0320237331879119	1	1	0	4	18	10	5	12
TRINITY_DN10922_c0_g1_i1	HOL01	HOL03	32.1504957796847	0.229306989788061	12.1997527859993	7.01385214836044	2.39995132410643	2.92249766814412	0.00347236221205666	0.0336967093611955	30	71	0	0	1	0	0	0
TRINITY_DN10571_c1_g1_i3	HOL01	HOL03	4.79797027873215	34.6531074675845	23.4574310217649	-2.846200420107	0.985249097897496	-2.88881301812987	0.00386698940950676	0.0371321899991556	0	9	5	35	58	15	14	69
TRINITY_DN127_c1_g1_i2	HOL01	HOL03	32.3045173055974	12.6412087502754	20.0149494585212	1.35876187485166	0.47123953998247	2.88337832369119	0.00393434609303182	0.0377316600966512	22	35	34	22	14	15	8	10
TRINITY_DN11536_c0_g1_i11	HOL01	HOL03	1.39608801968189	16.0867925639222	10.5777783598321	-3.52026702961031	1.22173326530046	-2.88137118763364	0.00395949040976134	0.0379549737361624	4	0	0	21	22	6	6	36
TRINITY_DN129_c0_g1_i6	HOL01	HOL03	141.756940345822	0	53.1588526296834	9.73015943701265	3.3857155318138	2.87388569582513	0.00405455674577876	0.0387994860850741	0	91	278	0	0	0	0	0
TRINITY_DN100648_c0_g1_i4	HOL01	HOL03	0.819928840007597	11.8048277775121	7.68549067594789	-3.99419507945124	1.39185880862215	-2.86968409059051	0.00410882078094021	0.0392513156873133	0	0	2	4	10	34	5	14
TRINITY_DN1191_c0_g1_i3	HOL01	HOL03	3.44591011970089	21.7610628448252	14.8928805729036	-2.70743860277164	0.944998422788917	-2.86501917620279	0.00416983990118823	0.0397722095386104	4	0	5	20	14	49	7	37
TRINITY_DN12465_c0_g1_i34	HOL01	HOL03	0	95.1292870923242	59.4558044327026	-8.93492839033234	3.12664437810011	-2.85767337434185	0.00426759426173873	0.0406286911044133	0	0	0	0	177	119	0	239
TRINITY_DN11185_c0_g1_i15	HOL01	HOL03	27.5599151635478	84.7484825577498	63.302769784924	-1.61850877442579	0.571224318657736	-2.83340313351674	0.00460552638869	0.0435346957491614	24	40	17	56	53	63	85	244
TRINITY_DN122820_c0_g1_i1	HOL01	HOL03	102.281439052847	0	38.3555396448175	9.25936857006405	3.28881823253901	2.81540903612533	0.00487151858461907	0.045780617126786	0	147	140	0	0	0	0	0
