gene_id	baseMean	log2FoldChange	lfcSE	stat	pvalue	padj	significant
tx001	59.5	2.2	0.25	8.8	1e-6	0.001	TRUE
tx002	71.5	-2.2	0.25	8.8	1e-6	0.001	TRUE
tx003	83.5	2.2	0.25	8.8	1e-6	0.001	TRUE
tx004	95.5	-2.2	0.25	8.8	1e-6	0.001	TRUE
tx005	107.5	2.2	0.25	8.8	1e-6	0.001	TRUE
tx006	94.25	-2.2	0.25	8.8	1e-6	0.001	TRUE
tx007	106.25	2.2	0.25	8.8	1e-6	0.001	TRUE
tx008	94	-2.2	0.25	8.8	1e-6	0.001	TRUE
tx009	83.75	2.2	0.25	8.8	1e-6	0.001	TRUE
tx010	95.75	-2.2	0.25	8.8	1e-6	0.001	TRUE
tx011	107.75	2.2	0.25	8.8	1e-6	0.001	TRUE
tx012	94.5	-2.2	0.25	8.8	1e-6	0.001	TRUE
tx013	83.75	2.2	0.25	8.8	1e-6	0.001	TRUE
tx014	95.75	-2.2	0.25	8.8	1e-6	0.001	TRUE
tx015	83.5	2.2	0.25	8.8	1e-6	0.001	TRUE
tx016	95.5	-2.2	0.25	8.8	1e-6	0.001	TRUE
tx017	85.25	2.2	0.25	8.8	1e-6	0.001	TRUE
tx018	72	-2.2	0.25	8.8	1e-6	0.001	TRUE
tx019	84	2.2	0.25	8.8	1e-6	0.001	TRUE
tx020	96	-2.2	0.25	8.8	1e-6	0.001	TRUE
tx021	108	2.2	0.25	8.8	1e-6	0.001	TRUE
tx022	120	-2.2	0.25	8.8	1e-6	0.001	TRUE
tx023	107.75	2.2	0.25	8.8	1e-6	0.001	TRUE
tx024	94.5	-2.2	0.25	8.8	1e-6	0.001	TRUE
tx025	84.25	0.25	0.25	1	0.3	0.4	FALSE
tx026	73.5	0.25	0.25	1	0.3	0.4	FALSE
tx027	85.5	0.25	0.25	1	0.3	0.4	FALSE
tx028	97.5	0.25	0.25	1	0.3	0.4	FALSE
tx029	109.5	0.25	0.25	1	0.3	0.4	FALSE
tx030	72	0.25	0.25	1	0.3	NA	FALSE
tx031	84	0.25	0.25	1	0.3	0.4	FALSE
tx032	96	0.25	0.25	1	0.3	0.4	FALSE
tx033	85.75	0.25	0.25	1	0.3	0.4	FALSE
tx034	97.75	0.25	0.25	1	0.3	0.4	FALSE
tx035	109.75	0.25	0.25	1	0.3	0.4	FALSE
tx036	96.5	0.25	0.25	1	0.3	0.4	FALSE
tx037	108.5	0.25	0.25	1	0.3	0.4	FALSE
tx038	96.25	0.25	0.25	1	0.3	0.4	FALSE
tx039	85.5	0.25	0.25	1	0.3	0.4	FALSE
tx040	97.5	0.25	0.25	1	0.3	0.4	FALSE
tx041	87.25	0.25	0.25	1	0.3	0.4	FALSE
tx042	74	0.25	0.25	1	0.3	0.4	FALSE
tx043	86	0.25	0.25	1	0.3	0.4	FALSE
tx044	98	0.25	0.25	1	0.3	0.4	FALSE
tx045	85.75	0.25	0.25	1	0.3	0.4	FALSE
tx046	97.75	0.25	0.25	1	0.3	0.4	FALSE
tx047	109.75	0.25	0.25	1	0.3	0.4	FALSE
tx048	96.5	0.25	0.25	1	0.3	0.4	FALSE
tx049	86.25	0.25	0.25	1	0.3	0.4	FALSE
tx050	98.25	0.25	0.25	1	0.3	0.4	FALSE
tx051	110.25	0.25	0.25	1	0.3	0.4	FALSE
tx052	99.5	0.25	0.25	1	0.3	0.4	FALSE
tx053	87.25	0.25	0.25	1	0.3	0.4	FALSE
tx054	74	0.25	0.25	1	0.3	0.4	FALSE
tx055	86	0.25	0.25	1	0.3	0.4	FALSE
tx056	98	0.25	0.25	1	0.3	0.4	FALSE
tx057	87.75	0.25	0.25	1	0.3	0.4	FALSE
tx058	99.75	0.25	0.25	1	0.3	0.4	FALSE
tx059	111.75	0.25	0.25	1	0.3	0.4	FALSE
tx060	74.25	0.25	0.25	1	0.3	0.4	FALSE
tx061	86.25	0.25	0.25	1	0.3	0.4	FALSE
tx062	98.25	0.25	0.25	1	0.3	0.4	FALSE
tx063	110.25	0.25	0.25	1	0.3	0.4	FALSE
tx064	122.25	0.25	0.25	1	0.3	0.4	FALSE
tx065	89.25	0.25	0.25	1	0.3	0.4	FALSE
tx066	76	0.25	0.25	1	0.3	0.4	FALSE
tx067	88	0.25	0.25	1	0.3	0.4	FALSE
tx068	75.75	0.25	0.25	1	0.3	0.4	FALSE
tx069	87.75	0.25	0.25	1	0.3	0.4	FALSE
tx070	99.75	0.25	0.25	1	0.3	0.4	FALSE
tx071	111.75	0.25	0.25	1	0.3	0.4	FALSE
tx072	98.5	0.25	0.25	1	0.3	0.4	FALSE
tx073	88.25	0.25	0.25	1	0.3	0.4	FALSE
tx074	100.25	0.25	0.25	1	0.3	0.4	FALSE
tx075	88	0.25	0.25	1	0.3	0.4	FALSE
tx076	100	0.25	0.25	1	0.3	0.4	FALSE
tx077	112	0.25	0.25	1	0.3	0.4	FALSE
tx078	76	0.25	0.25	1	0.3	0.4	FALSE
tx079	88	0.25	0.25	1	0.3	0.4	FALSE
tx080	100	0.25	0.25	1	0.3	0.4	FALSE
tx081	89.75	0.25	0.25	1	0.3	0.4	FALSE
tx082	101.75	0.25	0.25	1	0.3	0.4	FALSE
tx083	89.5	0.25	0.25	1	0.3	0.4	FALSE
tx084	76.25	0.25	0.25	1	0.3	0.4	FALSE
tx085	88.25	0.25	0.25	1	0.3	0.4	FALSE
tx086	100.25	0.25	0.25	1	0.3	0.4	FALSE
tx087	112.25	0.25	0.25	1	0.3	0.4	FALSE
tx088	124.25	0.25	0.25	1	0.3	0.4	FALSE
tx089	114	0.25	0.25	1	0.3	0.4	FALSE
tx090	76.5	0.25	0.25	1	0.3	0.4	FALSE
tx091	65.75	0.25	0.25	1	0.3	0.4	FALSE
tx092	77.75	0.25	0.25	1	0.3	0.4	FALSE
tx093	89.75	0.25	0.25	1	0.3	0.4	FALSE
tx094	101.75	0.25	0.25	1	0.3	0.4	FALSE
tx095	113.75	0.25	0.25	1	0.3	0.4	FALSE
tx096	100.5	0.25	0.25	1	0.3	0.4	FALSE
tx097	88.25	0.25	0.25	1	0.3	0.4	FALSE
tx098	78	0.25	0.25	1	0.3	0.4	FALSE
tx099	90	0.25	0.25	1	0.3	0.4	FALSE
tx100	102	0.25	0.25	1	0.3	0.4	FALSE
tx101	88.75	0.25	0.25	1	0.3	0.4	FALSE
tx102	100.75	0.25	0.25	1	0.3	0.4	FALSE
tx103	112.75	0.25	0.25	1	0.3	0.4	FALSE
tx104	102	0.25	0.25	1	0.3	0.4	FALSE
tx105	89.75	0.25	0.25	1	0.3	0.4	FALSE
tx106	79.5	0.25	0.25	1	0.3	0.4	FALSE
tx107	66.25	0.25	0.25	1	0.3	0.4	FALSE
tx108	78.25	0.25	0.25	1	0.3	0.4	FALSE
tx109	90.25	0.25	0.25	1	0.3	0.4	FALSE
tx110	102.25	0.25	0.25	1	0.3	0.4	FALSE
tx111	114.25	0.25	0.25	1	0.3	0.4	FALSE
tx112	102	0.25	0.25	1	0.3	0.4	FALSE
tx113	88.75	0.25	0.25	1	0.3	0.4	FALSE
tx114	78.5	0.25	0.25	1	0.3	0.4	FALSE
tx115	90.5	0.25	0.25	1	0.3	0.4	FALSE
tx116	102.5	0.25	0.25	1	0.3	0.4	FALSE
tx117	91.75	0.25	0.25	1	0.3	0.4	FALSE
tx118	103.75	0.25	0.25	1	0.3	0.4	FALSE
tx119	90.5	0.25	0.25	1	0.3	0.4	FALSE
tx120	78.25	0.25	0.25	1	0.3	0.4	FALSE
