gene_id	transcript_id	sprot_Top_BLASTX_hit	EggNM.Preferred_name	EggNM.max_annot_lvl
tx001	tx001	ISY1^Metazoa	ISY1	33208|Metazoa
tx002	tx002	BUD13^Metazoa	BUD13	33208|Metazoa
tx003	tx003	SF3B6^Metazoa	SF3B6	33208|Metazoa
tx004	tx004	U2AF2^Metazoa	U2AF2	33208|Metazoa
tx005	tx005	SF3B1^Metazoa	SF3B1	33208|Metazoa
tx006	tx006	DDX46^Metazoa	DDX46	33208|Metazoa
tx007	tx007	SF3A2^Metazoa	SF3A2	33208|Metazoa
tx008	tx008	DDX42^Metazoa	DDX42	33208|Metazoa
tx009	tx009	PUF60^Metazoa	PUF60	33208|Metazoa
tx010	tx010	SF3B3^Metazoa	SF3B3	33208|Metazoa
tx011	tx011	SNIP1^Metazoa	SNIP1	33208|Metazoa
tx012	tx012	SLU7^Metazoa	SLU7	33208|Metazoa
tx013	tx013	SRPK3^Metazoa	SRPK3	33208|Metazoa
tx014	tx014	SF3A1^Metazoa	SF3A1	33208|Metazoa
tx015	tx015	SF3A3^Metazoa	SF3A3	33208|Metazoa
tx016	tx016	PHF5A^Metazoa	PHF5A	33208|Metazoa
tx017	tx017	DDX23^Metazoa	DDX23	33208|Metazoa
tx018	tx018	RBMX2^Metazoa	RBMX2	33208|Metazoa
tx019	tx019	NCBP1^Metazoa	NCBP1	33208|Metazoa
tx020	tx020	NCBP1^Metazoa	NCBP1	33208|Metazoa
tx021	tx021	SF3B4^Metazoa	SF3B4	33208|Metazoa
tx022	tx022	SF3B2^Metazoa	SF3B2	33208|Metazoa
tx023	tx023	SF3B5^Metazoa	SF3B5	33208|Metazoa
tx024	tx024	SRSF7^Metazoa	SRSF7	33208|Metazoa
tx025	tx025	PTBP1^Metazoa	PTBP1	33208|Metazoa
tx026	tx026	LSM7^Metazoa	LSM7	33208|Metazoa
tx027	tx027	RBM19^Metazoa	RBM19	33208|Metazoa
tx028	tx028	TIA1^Metazoa	TIA1	33208|Metazoa
tx029	tx029	RBM25^Metazoa	RBM25	33208|Metazoa
tx030	tx030	RBM42^Metazoa	RBM42	33208|Metazoa
tx031	tx031	DCPS^Metazoa	DCPS	33208|Metazoa
tx032	tx032	LSM8^Metazoa	LSM8	33208|Metazoa
tx033	tx033	CWC22^Metazoa	CWC22	33208|Metazoa
tx034	tx034	DHX8^Metazoa	DHX8	33208|Metazoa
tx035	tx035	LSM6^Metazoa	LSM6	33208|Metazoa
tx036	tx036	SDE2^Metazoa	SDE2	33208|Metazoa
tx037	tx037	RBM47^Metazoa	RBM47	33208|Metazoa
tx038	tx038	RBM22^Metazoa	RBM22	33208|Metazoa
tx039	tx039	RBM10^Metazoa	RBM10	33208|Metazoa
tx040	tx040	PRP4K^Metazoa	PRP4K	33208|Metazoa
tx041	tx041	ZMAT2^Metazoa	ZMAT2	33208|Metazoa
tx042	tx042	AQR^Metazoa	AQR	33208|Metazoa
tx043	tx043	SMU1^Metazoa	SMU1	33208|Metazoa
tx044	tx044	DBR1^Metazoa	DBR1	33208|Metazoa
tx045	tx045	RBM39^Metazoa	RBM39	33208|Metazoa
tx046	tx046	LARP7^Metazoa	LARP7	33208|Metazoa
tx047	tx047	PPIE^Metazoa	PPIE	33208|Metazoa
tx048	tx048	RBM11^Metazoa	RBM11	33208|Metazoa
tx049	tx049	SNW1^Metazoa	SNW1	33208|Metazoa
tx050	tx050	LSM5^Metazoa	LSM5	33208|Metazoa
tx051	tx051	NCBP2^Metazoa	NCBP2	33208|Metazoa
tx052	tx052	TRA2B^Metazoa	TRA2B	33208|Metazoa
tx053	tx053	NUP98^Metazoa	NUP98	33208|Metazoa
tx054	tx054	CDC5L^Metazoa	CDC5L	33208|Metazoa
tx055	tx055	LSM4^Metazoa	LSM4	33208|Metazoa
tx056	tx056	WBP4^Metazoa	WBP4	33208|Metazoa
tx057	tx057	SRRM2^Metazoa	SRRM2	33208|Metazoa
tx058	tx058	LSM3^Metazoa	LSM3	33208|Metazoa
tx059	tx059	PRPF3^Metazoa	PRPF3	33208|Metazoa
tx060	tx060	MFAP1^Metazoa	MFAP1	33208|Metazoa
tx061	tx061	SYF2^Metazoa	SYF2	33208|Metazoa
tx062	tx062	NOVA1^Metazoa	NOVA1	33208|Metazoa
tx063	tx063	LSM2^Metazoa	LSM2	33208|Metazoa
tx064	tx064	SART3^Metazoa	SART3	33208|Metazoa
tx065	tx065	SNRPA^Metazoa	SNRPA	33208|Metazoa
tx066	tx066	PQBP1^Metazoa	PQBP1	33208|Metazoa
tx067	tx067	RBM8A^Metazoa	RBM8A	33208|Metazoa
tx068	tx068	SRRM1^Metazoa	SRRM1	33208|Metazoa
tx069	tx069	NHP2^Metazoa	NHP2	33208|Metazoa
tx070	tx070	RBM3^Metazoa	RBM3	33208|Metazoa
tx071	tx071	SENP7^Metazoa	SENP7	33208|Metazoa
tx072	tx072	U2AF1^Metazoa	U2AF1	33208|Metazoa
tx073	tx073	ZCRB1^Metazoa	ZCRB1	33208|Metazoa
tx074	tx074	DDX17^Metazoa	DDX17	33208|Metazoa
tx075	tx075	SRSF3^Metazoa	SRSF3	33208|Metazoa
tx076	tx076	PLRG1^Metazoa	PLRG1	33208|Metazoa
tx077	tx077	PPIL1^Metazoa	PPIL1	33208|Metazoa
tx078	tx078	DDX41^Metazoa	DDX41	33208|Metazoa
tx079	tx079	UBL5^Metazoa	UBL5	33208|Metazoa
tx080	tx080	BUD31^Metazoa	BUD31	33208|Metazoa
tx081	tx081	YJU2^Metazoa	YJU2	33208|Metazoa
tx082	tx082	DHX15^Metazoa	DHX15	33208|Metazoa
tx083	tx083	CWC27^Metazoa	CWC27	33208|Metazoa
tx084	tx084	MTREX^Metazoa	MTREX	33208|Metazoa
tx085	tx085	TGS1^Metazoa	TGS1	33208|Metazoa
tx086	tx086	ESS2^Metazoa	ESS2	33208|Metazoa
tx087	tx087	MBNL1^Metazoa	MBNL1	33208|Metazoa
tx088	tx088	GLOD4^Metazoa	GLOD4	33208|Metazoa
tx089	tx089	PSMD1^Metazoa	PSMD1	33208|Metazoa
tx090	tx090	ADRM1^Metazoa	ADRM1	33208|Metazoa
tx091	tx091	PSMD2^Metazoa	PSMD2	33208|Metazoa
tx092	tx092	PSMD4^Metazoa	PSMD4	33208|Metazoa
tx093	tx093	PSMD7^Metazoa	PSMD7	33208|Metazoa
tx094	tx094	PSMD3^Metazoa	PSMD3	33208|Metazoa
tx095	tx095	PSMD6^Metazoa	PSMD6	33208|Metazoa
tx096	tx096	PSMD9^Metazoa	PSMD9	33208|Metazoa
tx097	tx097	PSMD8^Metazoa	PSMD8	33208|Metazoa
tx098	tx098	PSME3^Metazoa	PSME3	33208|Metazoa
tx099	tx099	UBE3C^Metazoa	UBE3C	33208|Metazoa
tx100	tx100	UCHL5^Metazoa	UCHL5	33208|Metazoa
tx101	tx101	SEM1^Metazoa	SEM1	33208|Metazoa
tx102	tx102	NDE1^Metazoa	NDE1	33208|Metazoa
tx103	tx103	TTK^Metazoa	TTK	33208|Metazoa
tx104	tx104	CKAP5^Metazoa	CKAP5	33208|Metazoa
tx105	tx105	PLK1^Metazoa	PLK1	33208|Metazoa
tx106	tx106	SIN3A^Metazoa	SIN3A	33208|Metazoa
tx107	tx107	KAT8^Metazoa	KAT8	33208|Metazoa
tx108	tx108	CBX5^Metazoa	CBX5	33208|Metazoa
tx109	tx109	PINX1^Metazoa	PINX1	33208|Metazoa
tx110	tx110	KAT5^Metazoa	KAT5	33208|Metazoa
tx111	tx111	DCTN1^Metazoa	DCTN1	33208|Metazoa
tx112	tx112	ORC2^Metazoa	ORC2	33208|Metazoa
tx113	tx113	CDC20^Metazoa	CDC20	33208|Metazoa
tx114	tx114	LRWD1^Metazoa	LRWD1	33208|Metazoa
tx115	tx115	CENPE^Metazoa	CENPE	33208|Metazoa
tx116	tx116	BUB3^Metazoa	BUB3	33208|Metazoa
tx117	tx117	XPO1^Metazoa	XPO1	33208|Metazoa
tx118	tx118	CHMP3^Metazoa	CHMP3	33208|Metazoa
