rel_path,full_path
__species_used.txt,<output_dir>/__species_used.txt
consensus/consensus_enrichment_exploration_clean.xlsx,<output_dir>/consensus/consensus_enrichment_exploration_clean.xlsx
consensus/consensus_enrichment_results_with_and_without_bg.xlsx,<output_dir>/consensus/consensus_enrichment_results_with_and_without_bg.xlsx
consensus/plots_exploratory/lollipop_top50_BP_alldepths.pdf,<output_dir>/consensus/plots_exploratory/lollipop_top50_BP_alldepths.pdf
consensus/plots_exploratory/lollipop_top50_BP_depth1.pdf,<output_dir>/consensus/plots_exploratory/lollipop_top50_BP_depth1.pdf
consensus/plots_exploratory/lollipop_top50_BP_depth18.pdf,<output_dir>/consensus/plots_exploratory/lollipop_top50_BP_depth18.pdf
consensus/plots_exploratory/lollipop_top50_BP_depth31.pdf,<output_dir>/consensus/plots_exploratory/lollipop_top50_BP_depth31.pdf
consensus/plots_exploratory/lollipop_top50_MF_alldepths.pdf,<output_dir>/consensus/plots_exploratory/lollipop_top50_MF_alldepths.pdf
consensus/plots_exploratory/lollipop_top50_MF_depth0.pdf,<output_dir>/consensus/plots_exploratory/lollipop_top50_MF_depth0.pdf
consensus/plots_exploratory/lollipop_top50_MF_depth1.pdf,<output_dir>/consensus/plots_exploratory/lollipop_top50_MF_depth1.pdf
consensus/plots_strict/lollipop_top50_BP_alldepths.pdf,<output_dir>/consensus/plots_strict/lollipop_top50_BP_alldepths.pdf
consensus/plots_strict/lollipop_top50_BP_depth1.pdf,<output_dir>/consensus/plots_strict/lollipop_top50_BP_depth1.pdf
consensus/plots_strict/lollipop_top50_BP_depth31.pdf,<output_dir>/consensus/plots_strict/lollipop_top50_BP_depth31.pdf
consensus/plots_strict/lollipop_top50_MF_alldepths.pdf,<output_dir>/consensus/plots_strict/lollipop_top50_MF_alldepths.pdf
consensus/plots_strict/lollipop_top50_MF_depth0.pdf,<output_dir>/consensus/plots_strict/lollipop_top50_MF_depth0.pdf
consensus/plots_strict/lollipop_top50_MF_depth1.pdf,<output_dir>/consensus/plots_strict/lollipop_top50_MF_depth1.pdf
evaluation/cumulative_by_origin_exploratory.xlsx,<output_dir>/evaluation/cumulative_by_origin_exploratory.xlsx
evaluation/cumulative_by_origin_true_consensus.xlsx,<output_dir>/evaluation/cumulative_by_origin_true_consensus.xlsx
evaluation/cumulative_curve_combined_exploratory.pdf,<output_dir>/evaluation/cumulative_curve_combined_exploratory.pdf
evaluation/cumulative_curve_combined_true_consensus.pdf,<output_dir>/evaluation/cumulative_curve_combined_true_consensus.pdf
evaluation/EQI_distribution_by_ontology.pdf,<output_dir>/evaluation/EQI_distribution_by_ontology.pdf
evaluation/exploratory_no_bg/EQI_distribution_by_ontology.pdf,<output_dir>/evaluation/exploratory_no_bg/EQI_distribution_by_ontology.pdf
evaluation/exploratory_no_bg/FoldEnrichment_distribution_by_ontology.pdf,<output_dir>/evaluation/exploratory_no_bg/FoldEnrichment_distribution_by_ontology.pdf
evaluation/exploratory_no_bg/summary_consensus_vs_goseq.xlsx,<output_dir>/evaluation/exploratory_no_bg/summary_consensus_vs_goseq.xlsx
evaluation/exploratory_no_bg/top50_jaccard_summary_no_bg.csv,<output_dir>/evaluation/exploratory_no_bg/top50_jaccard_summary_no_bg.csv
evaluation/exploratory_no_bg/venn_all_significant_BP.pdf,<output_dir>/evaluation/exploratory_no_bg/venn_all_significant_BP.pdf
evaluation/exploratory_no_bg/venn_all_significant_MF.pdf,<output_dir>/evaluation/exploratory_no_bg/venn_all_significant_MF.pdf
evaluation/exploratory_no_bg/venn_top50_all.pdf,<output_dir>/evaluation/exploratory_no_bg/venn_top50_all.pdf
evaluation/exploratory_no_bg/venn_top50_depth0.pdf,<output_dir>/evaluation/exploratory_no_bg/venn_top50_depth0.pdf
evaluation/exploratory_no_bg/venn_top50_depth1.pdf,<output_dir>/evaluation/exploratory_no_bg/venn_top50_depth1.pdf
evaluation/exploratory_no_bg/venn_top50_depth31.pdf,<output_dir>/evaluation/exploratory_no_bg/venn_top50_depth31.pdf
evaluation/FoldEnrichment_distribution_by_ontology.pdf,<output_dir>/evaluation/FoldEnrichment_distribution_by_ontology.pdf
evaluation/network_complexity_comparison.csv,<output_dir>/evaluation/network_complexity_comparison.csv
evaluation/presence_absence_table.xlsx,<output_dir>/evaluation/presence_absence_table.xlsx
evaluation/rarefaction_by_origin_exploratory.xlsx,<output_dir>/evaluation/rarefaction_by_origin_exploratory.xlsx
evaluation/rarefaction_by_origin_true_consensus.xlsx,<output_dir>/evaluation/rarefaction_by_origin_true_consensus.xlsx
evaluation/rarefaction_curve_by_origin_exploratory.pdf,<output_dir>/evaluation/rarefaction_curve_by_origin_exploratory.pdf
evaluation/rarefaction_curve_by_origin_true_consensus.pdf,<output_dir>/evaluation/rarefaction_curve_by_origin_true_consensus.pdf
evaluation/summary_consensus_vs_goseq.xlsx,<output_dir>/evaluation/summary_consensus_vs_goseq.xlsx
evaluation/top50_jaccard_summary_with_bg.csv,<output_dir>/evaluation/top50_jaccard_summary_with_bg.csv
evaluation/venn_all_significant_BP.pdf,<output_dir>/evaluation/venn_all_significant_BP.pdf
evaluation/venn_all_significant_MF.pdf,<output_dir>/evaluation/venn_all_significant_MF.pdf
evaluation/venn_top50_all.pdf,<output_dir>/evaluation/venn_top50_all.pdf
evaluation/venn_top50_depth0.pdf,<output_dir>/evaluation/venn_top50_depth0.pdf
evaluation/venn_top50_depth1.pdf,<output_dir>/evaluation/venn_top50_depth1.pdf
evaluation/venn_top50_depth31.pdf,<output_dir>/evaluation/venn_top50_depth31.pdf
goseq/GO_enrichment_supplementary_clean.csv,<output_dir>/goseq/GO_enrichment_supplementary_clean.csv
goseq/GO_enrichment_supplementary_clean.xlsx,<output_dir>/goseq/GO_enrichment_supplementary_clean.xlsx
goseq/GO_lollipop_allDepths_top50_BP.pdf,<output_dir>/goseq/GO_lollipop_allDepths_top50_BP.pdf
goseq/GO_lollipop_allDepths_top50_CC.pdf,<output_dir>/goseq/GO_lollipop_allDepths_top50_CC.pdf
goseq/GO_lollipop_allDepths_top50_MF.pdf,<output_dir>/goseq/GO_lollipop_allDepths_top50_MF.pdf
goseq/GO_lollipop_depth0_BP.pdf,<output_dir>/goseq/GO_lollipop_depth0_BP.pdf
goseq/GO_lollipop_depth0_CC.pdf,<output_dir>/goseq/GO_lollipop_depth0_CC.pdf
goseq/GO_lollipop_depth0_MF.pdf,<output_dir>/goseq/GO_lollipop_depth0_MF.pdf
goseq/GO_lollipop_depth1_BP.pdf,<output_dir>/goseq/GO_lollipop_depth1_BP.pdf
goseq/GO_lollipop_depth1_CC.pdf,<output_dir>/goseq/GO_lollipop_depth1_CC.pdf
goseq/GO_lollipop_depth1_MF.pdf,<output_dir>/goseq/GO_lollipop_depth1_MF.pdf
goseq/GO_lollipop_depth31_BP.pdf,<output_dir>/goseq/GO_lollipop_depth31_BP.pdf
goseq/GO_lollipop_depth31_CC.pdf,<output_dir>/goseq/GO_lollipop_depth31_CC.pdf
goseq/GO_lollipop_depth31_MF.pdf,<output_dir>/goseq/GO_lollipop_depth31_MF.pdf
goseq/GOseq_enrichment_full_annotated.csv,<output_dir>/goseq/GOseq_enrichment_full_annotated.csv
goseq/GOseq_enrichment_full_annotated.xlsx,<output_dir>/goseq/GOseq_enrichment_full_annotated.xlsx
goseq/GOseq_significance_summary.txt,<output_dir>/goseq/GOseq_significance_summary.txt
gprofiler/gprofiler_enrichment_summary.csv,<output_dir>/gprofiler/gprofiler_enrichment_summary.csv
gprofiler/no_background_genome_wide/gprofiler_drerio_nobg.csv,<output_dir>/gprofiler/no_background_genome_wide/gprofiler_drerio_nobg.csv
gprofiler/no_background_genome_wide/gprofiler_drerio_nobg_GO_BP_lollipop.pdf,<output_dir>/gprofiler/no_background_genome_wide/gprofiler_drerio_nobg_GO_BP_lollipop.pdf
gprofiler/no_background_genome_wide/gprofiler_drerio_nobg_metadata.json,<output_dir>/gprofiler/no_background_genome_wide/gprofiler_drerio_nobg_metadata.json
gprofiler/no_background_genome_wide/gprofiler_drerio_nobg_query.txt,<output_dir>/gprofiler/no_background_genome_wide/gprofiler_drerio_nobg_query.txt
gprofiler/no_background_genome_wide/gprofiler_hsapiens_nobg.csv,<output_dir>/gprofiler/no_background_genome_wide/gprofiler_hsapiens_nobg.csv
gprofiler/no_background_genome_wide/gprofiler_hsapiens_nobg_GO_BP_lollipop.pdf,<output_dir>/gprofiler/no_background_genome_wide/gprofiler_hsapiens_nobg_GO_BP_lollipop.pdf
gprofiler/no_background_genome_wide/gprofiler_hsapiens_nobg_metadata.json,<output_dir>/gprofiler/no_background_genome_wide/gprofiler_hsapiens_nobg_metadata.json
gprofiler/no_background_genome_wide/gprofiler_hsapiens_nobg_query.txt,<output_dir>/gprofiler/no_background_genome_wide/gprofiler_hsapiens_nobg_query.txt
gprofiler/no_background_genome_wide/gprofiler_mmusculus_nobg.csv,<output_dir>/gprofiler/no_background_genome_wide/gprofiler_mmusculus_nobg.csv
gprofiler/no_background_genome_wide/gprofiler_mmusculus_nobg_GO_BP_lollipop.pdf,<output_dir>/gprofiler/no_background_genome_wide/gprofiler_mmusculus_nobg_GO_BP_lollipop.pdf
gprofiler/no_background_genome_wide/gprofiler_mmusculus_nobg_metadata.json,<output_dir>/gprofiler/no_background_genome_wide/gprofiler_mmusculus_nobg_metadata.json
gprofiler/no_background_genome_wide/gprofiler_mmusculus_nobg_query.txt,<output_dir>/gprofiler/no_background_genome_wide/gprofiler_mmusculus_nobg_query.txt
gprofiler/run_manifest.json,<output_dir>/gprofiler/run_manifest.json
gprofiler/submitted_vectors/background_original.txt,<output_dir>/gprofiler/submitted_vectors/background_original.txt
gprofiler/submitted_vectors/background_resolved.txt,<output_dir>/gprofiler/submitted_vectors/background_resolved.txt
gprofiler/submitted_vectors/foreground_original.txt,<output_dir>/gprofiler/submitted_vectors/foreground_original.txt
gprofiler/submitted_vectors/foreground_resolved.txt,<output_dir>/gprofiler/submitted_vectors/foreground_resolved.txt
gprofiler/submitted_vectors/gene_set_contract.json,<output_dir>/gprofiler/submitted_vectors/gene_set_contract.json
gprofiler/submitted_vectors/mapping_table.csv,<output_dir>/gprofiler/submitted_vectors/mapping_table.csv
gprofiler/with_custom_background/gprofiler_drerio_with_bg.csv,<output_dir>/gprofiler/with_custom_background/gprofiler_drerio_with_bg.csv
gprofiler/with_custom_background/gprofiler_drerio_with_bg_background.txt,<output_dir>/gprofiler/with_custom_background/gprofiler_drerio_with_bg_background.txt
gprofiler/with_custom_background/gprofiler_drerio_with_bg_GO_BP_lollipop.pdf,<output_dir>/gprofiler/with_custom_background/gprofiler_drerio_with_bg_GO_BP_lollipop.pdf
gprofiler/with_custom_background/gprofiler_drerio_with_bg_metadata.json,<output_dir>/gprofiler/with_custom_background/gprofiler_drerio_with_bg_metadata.json
gprofiler/with_custom_background/gprofiler_drerio_with_bg_query.txt,<output_dir>/gprofiler/with_custom_background/gprofiler_drerio_with_bg_query.txt
gprofiler/with_custom_background/gprofiler_hsapiens_with_bg.csv,<output_dir>/gprofiler/with_custom_background/gprofiler_hsapiens_with_bg.csv
gprofiler/with_custom_background/gprofiler_hsapiens_with_bg_background.txt,<output_dir>/gprofiler/with_custom_background/gprofiler_hsapiens_with_bg_background.txt
gprofiler/with_custom_background/gprofiler_hsapiens_with_bg_GO_BP_lollipop.pdf,<output_dir>/gprofiler/with_custom_background/gprofiler_hsapiens_with_bg_GO_BP_lollipop.pdf
gprofiler/with_custom_background/gprofiler_hsapiens_with_bg_metadata.json,<output_dir>/gprofiler/with_custom_background/gprofiler_hsapiens_with_bg_metadata.json
gprofiler/with_custom_background/gprofiler_hsapiens_with_bg_query.txt,<output_dir>/gprofiler/with_custom_background/gprofiler_hsapiens_with_bg_query.txt
gprofiler/with_custom_background/gprofiler_mmusculus_with_bg.csv,<output_dir>/gprofiler/with_custom_background/gprofiler_mmusculus_with_bg.csv
gprofiler/with_custom_background/gprofiler_mmusculus_with_bg_background.txt,<output_dir>/gprofiler/with_custom_background/gprofiler_mmusculus_with_bg_background.txt
gprofiler/with_custom_background/gprofiler_mmusculus_with_bg_GO_BP_lollipop.pdf,<output_dir>/gprofiler/with_custom_background/gprofiler_mmusculus_with_bg_GO_BP_lollipop.pdf
gprofiler/with_custom_background/gprofiler_mmusculus_with_bg_metadata.json,<output_dir>/gprofiler/with_custom_background/gprofiler_mmusculus_with_bg_metadata.json
gprofiler/with_custom_background/gprofiler_mmusculus_with_bg_query.txt,<output_dir>/gprofiler/with_custom_background/gprofiler_mmusculus_with_bg_query.txt
networks/network_complexity_comparison.csv,<output_dir>/networks/network_complexity_comparison.csv
networks/summary_with_bg.csv,<output_dir>/networks/summary_with_bg.csv
networks/summary_with_bg_and_nobg.csv,<output_dir>/networks/summary_with_bg_and_nobg.csv
networks/with_bg/network_BP_gene_count.graphml,<output_dir>/networks/with_bg/network_BP_gene_count.graphml
networks/with_bg/network_BP_gene_count_filtered.html,<output_dir>/networks/with_bg/network_BP_gene_count_filtered.html
networks/with_bg/network_BP_gene_count_filtered.pdf,<output_dir>/networks/with_bg/network_BP_gene_count_filtered.pdf
networks/with_bg/network_BP_gene_count_filtered.svg,<output_dir>/networks/with_bg/network_BP_gene_count_filtered.svg
networks/with_bg/network_BP_gene_count_filtered_files/htmltools-fill-0.5.8.1/fill.css,<output_dir>/networks/with_bg/network_BP_gene_count_filtered_files/htmltools-fill-0.5.8.1/fill.css
networks/with_bg/network_BP_gene_count_filtered_files/htmlwidgets-1.6.4/htmlwidgets.js,<output_dir>/networks/with_bg/network_BP_gene_count_filtered_files/htmlwidgets-1.6.4/htmlwidgets.js
networks/with_bg/network_BP_gene_count_filtered_files/vis-9.1.0/add_css.txt,<output_dir>/networks/with_bg/network_BP_gene_count_filtered_files/vis-9.1.0/add_css.txt
networks/with_bg/network_BP_gene_count_filtered_files/vis-9.1.0/img/network/acceptDeleteIcon.png,<output_dir>/networks/with_bg/network_BP_gene_count_filtered_files/vis-9.1.0/img/network/acceptDeleteIcon.png
networks/with_bg/network_BP_gene_count_filtered_files/vis-9.1.0/img/network/addNodeIcon.png,<output_dir>/networks/with_bg/network_BP_gene_count_filtered_files/vis-9.1.0/img/network/addNodeIcon.png
networks/with_bg/network_BP_gene_count_filtered_files/vis-9.1.0/img/network/backIcon.png,<output_dir>/networks/with_bg/network_BP_gene_count_filtered_files/vis-9.1.0/img/network/backIcon.png
networks/with_bg/network_BP_gene_count_filtered_files/vis-9.1.0/img/network/connectIcon.png,<output_dir>/networks/with_bg/network_BP_gene_count_filtered_files/vis-9.1.0/img/network/connectIcon.png
networks/with_bg/network_BP_gene_count_filtered_files/vis-9.1.0/img/network/cross.png,<output_dir>/networks/with_bg/network_BP_gene_count_filtered_files/vis-9.1.0/img/network/cross.png
networks/with_bg/network_BP_gene_count_filtered_files/vis-9.1.0/img/network/cross2.png,<output_dir>/networks/with_bg/network_BP_gene_count_filtered_files/vis-9.1.0/img/network/cross2.png
networks/with_bg/network_BP_gene_count_filtered_files/vis-9.1.0/img/network/deleteIcon.png,<output_dir>/networks/with_bg/network_BP_gene_count_filtered_files/vis-9.1.0/img/network/deleteIcon.png
networks/with_bg/network_BP_gene_count_filtered_files/vis-9.1.0/img/network/downArrow.png,<output_dir>/networks/with_bg/network_BP_gene_count_filtered_files/vis-9.1.0/img/network/downArrow.png
networks/with_bg/network_BP_gene_count_filtered_files/vis-9.1.0/img/network/editIcon.png,<output_dir>/networks/with_bg/network_BP_gene_count_filtered_files/vis-9.1.0/img/network/editIcon.png
networks/with_bg/network_BP_gene_count_filtered_files/vis-9.1.0/img/network/leftArrow.png,<output_dir>/networks/with_bg/network_BP_gene_count_filtered_files/vis-9.1.0/img/network/leftArrow.png
networks/with_bg/network_BP_gene_count_filtered_files/vis-9.1.0/img/network/minus.png,<output_dir>/networks/with_bg/network_BP_gene_count_filtered_files/vis-9.1.0/img/network/minus.png
networks/with_bg/network_BP_gene_count_filtered_files/vis-9.1.0/img/network/plus.png,<output_dir>/networks/with_bg/network_BP_gene_count_filtered_files/vis-9.1.0/img/network/plus.png
networks/with_bg/network_BP_gene_count_filtered_files/vis-9.1.0/img/network/rightArrow.png,<output_dir>/networks/with_bg/network_BP_gene_count_filtered_files/vis-9.1.0/img/network/rightArrow.png
networks/with_bg/network_BP_gene_count_filtered_files/vis-9.1.0/img/network/upArrow.png,<output_dir>/networks/with_bg/network_BP_gene_count_filtered_files/vis-9.1.0/img/network/upArrow.png
networks/with_bg/network_BP_gene_count_filtered_files/vis-9.1.0/img/network/zoomExtends.png,<output_dir>/networks/with_bg/network_BP_gene_count_filtered_files/vis-9.1.0/img/network/zoomExtends.png
networks/with_bg/network_BP_gene_count_filtered_files/vis-9.1.0/vis-network.min.css,<output_dir>/networks/with_bg/network_BP_gene_count_filtered_files/vis-9.1.0/vis-network.min.css
networks/with_bg/network_BP_gene_count_filtered_files/vis-9.1.0/vis-network.min.js,<output_dir>/networks/with_bg/network_BP_gene_count_filtered_files/vis-9.1.0/vis-network.min.js
networks/with_bg/network_BP_gene_count_filtered_files/visNetwork-binding-2.1.4/visNetwork.js,<output_dir>/networks/with_bg/network_BP_gene_count_filtered_files/visNetwork-binding-2.1.4/visNetwork.js
networks/with_bg/network_MF_gene_count.graphml,<output_dir>/networks/with_bg/network_MF_gene_count.graphml
networks/with_bg/network_MF_gene_count_filtered.html,<output_dir>/networks/with_bg/network_MF_gene_count_filtered.html
networks/with_bg/network_MF_gene_count_filtered.pdf,<output_dir>/networks/with_bg/network_MF_gene_count_filtered.pdf
networks/with_bg/network_MF_gene_count_filtered.svg,<output_dir>/networks/with_bg/network_MF_gene_count_filtered.svg
networks/with_bg/network_MF_gene_count_filtered_files/htmltools-fill-0.5.8.1/fill.css,<output_dir>/networks/with_bg/network_MF_gene_count_filtered_files/htmltools-fill-0.5.8.1/fill.css
networks/with_bg/network_MF_gene_count_filtered_files/htmlwidgets-1.6.4/htmlwidgets.js,<output_dir>/networks/with_bg/network_MF_gene_count_filtered_files/htmlwidgets-1.6.4/htmlwidgets.js
networks/with_bg/network_MF_gene_count_filtered_files/vis-9.1.0/add_css.txt,<output_dir>/networks/with_bg/network_MF_gene_count_filtered_files/vis-9.1.0/add_css.txt
networks/with_bg/network_MF_gene_count_filtered_files/vis-9.1.0/img/network/acceptDeleteIcon.png,<output_dir>/networks/with_bg/network_MF_gene_count_filtered_files/vis-9.1.0/img/network/acceptDeleteIcon.png
networks/with_bg/network_MF_gene_count_filtered_files/vis-9.1.0/img/network/addNodeIcon.png,<output_dir>/networks/with_bg/network_MF_gene_count_filtered_files/vis-9.1.0/img/network/addNodeIcon.png
networks/with_bg/network_MF_gene_count_filtered_files/vis-9.1.0/img/network/backIcon.png,<output_dir>/networks/with_bg/network_MF_gene_count_filtered_files/vis-9.1.0/img/network/backIcon.png
networks/with_bg/network_MF_gene_count_filtered_files/vis-9.1.0/img/network/connectIcon.png,<output_dir>/networks/with_bg/network_MF_gene_count_filtered_files/vis-9.1.0/img/network/connectIcon.png
networks/with_bg/network_MF_gene_count_filtered_files/vis-9.1.0/img/network/cross.png,<output_dir>/networks/with_bg/network_MF_gene_count_filtered_files/vis-9.1.0/img/network/cross.png
networks/with_bg/network_MF_gene_count_filtered_files/vis-9.1.0/img/network/cross2.png,<output_dir>/networks/with_bg/network_MF_gene_count_filtered_files/vis-9.1.0/img/network/cross2.png
networks/with_bg/network_MF_gene_count_filtered_files/vis-9.1.0/img/network/deleteIcon.png,<output_dir>/networks/with_bg/network_MF_gene_count_filtered_files/vis-9.1.0/img/network/deleteIcon.png
networks/with_bg/network_MF_gene_count_filtered_files/vis-9.1.0/img/network/downArrow.png,<output_dir>/networks/with_bg/network_MF_gene_count_filtered_files/vis-9.1.0/img/network/downArrow.png
networks/with_bg/network_MF_gene_count_filtered_files/vis-9.1.0/img/network/editIcon.png,<output_dir>/networks/with_bg/network_MF_gene_count_filtered_files/vis-9.1.0/img/network/editIcon.png
networks/with_bg/network_MF_gene_count_filtered_files/vis-9.1.0/img/network/leftArrow.png,<output_dir>/networks/with_bg/network_MF_gene_count_filtered_files/vis-9.1.0/img/network/leftArrow.png
networks/with_bg/network_MF_gene_count_filtered_files/vis-9.1.0/img/network/minus.png,<output_dir>/networks/with_bg/network_MF_gene_count_filtered_files/vis-9.1.0/img/network/minus.png
networks/with_bg/network_MF_gene_count_filtered_files/vis-9.1.0/img/network/plus.png,<output_dir>/networks/with_bg/network_MF_gene_count_filtered_files/vis-9.1.0/img/network/plus.png
networks/with_bg/network_MF_gene_count_filtered_files/vis-9.1.0/img/network/rightArrow.png,<output_dir>/networks/with_bg/network_MF_gene_count_filtered_files/vis-9.1.0/img/network/rightArrow.png
networks/with_bg/network_MF_gene_count_filtered_files/vis-9.1.0/img/network/upArrow.png,<output_dir>/networks/with_bg/network_MF_gene_count_filtered_files/vis-9.1.0/img/network/upArrow.png
networks/with_bg/network_MF_gene_count_filtered_files/vis-9.1.0/img/network/zoomExtends.png,<output_dir>/networks/with_bg/network_MF_gene_count_filtered_files/vis-9.1.0/img/network/zoomExtends.png
networks/with_bg/network_MF_gene_count_filtered_files/vis-9.1.0/vis-network.min.css,<output_dir>/networks/with_bg/network_MF_gene_count_filtered_files/vis-9.1.0/vis-network.min.css
networks/with_bg/network_MF_gene_count_filtered_files/vis-9.1.0/vis-network.min.js,<output_dir>/networks/with_bg/network_MF_gene_count_filtered_files/vis-9.1.0/vis-network.min.js
networks/with_bg/network_MF_gene_count_filtered_files/visNetwork-binding-2.1.4/visNetwork.js,<output_dir>/networks/with_bg/network_MF_gene_count_filtered_files/visNetwork-binding-2.1.4/visNetwork.js
networks/with_bg_and_nobg/network_BP_gene_count.graphml,<output_dir>/networks/with_bg_and_nobg/network_BP_gene_count.graphml
networks/with_bg_and_nobg/network_BP_gene_count_filtered.html,<output_dir>/networks/with_bg_and_nobg/network_BP_gene_count_filtered.html
networks/with_bg_and_nobg/network_BP_gene_count_filtered.pdf,<output_dir>/networks/with_bg_and_nobg/network_BP_gene_count_filtered.pdf
networks/with_bg_and_nobg/network_BP_gene_count_filtered.svg,<output_dir>/networks/with_bg_and_nobg/network_BP_gene_count_filtered.svg
networks/with_bg_and_nobg/network_BP_gene_count_filtered_files/htmltools-fill-0.5.8.1/fill.css,<output_dir>/networks/with_bg_and_nobg/network_BP_gene_count_filtered_files/htmltools-fill-0.5.8.1/fill.css
networks/with_bg_and_nobg/network_BP_gene_count_filtered_files/htmlwidgets-1.6.4/htmlwidgets.js,<output_dir>/networks/with_bg_and_nobg/network_BP_gene_count_filtered_files/htmlwidgets-1.6.4/htmlwidgets.js
networks/with_bg_and_nobg/network_BP_gene_count_filtered_files/vis-9.1.0/add_css.txt,<output_dir>/networks/with_bg_and_nobg/network_BP_gene_count_filtered_files/vis-9.1.0/add_css.txt
networks/with_bg_and_nobg/network_BP_gene_count_filtered_files/vis-9.1.0/img/network/acceptDeleteIcon.png,<output_dir>/networks/with_bg_and_nobg/network_BP_gene_count_filtered_files/vis-9.1.0/img/network/acceptDeleteIcon.png
networks/with_bg_and_nobg/network_BP_gene_count_filtered_files/vis-9.1.0/img/network/addNodeIcon.png,<output_dir>/networks/with_bg_and_nobg/network_BP_gene_count_filtered_files/vis-9.1.0/img/network/addNodeIcon.png
networks/with_bg_and_nobg/network_BP_gene_count_filtered_files/vis-9.1.0/img/network/backIcon.png,<output_dir>/networks/with_bg_and_nobg/network_BP_gene_count_filtered_files/vis-9.1.0/img/network/backIcon.png
networks/with_bg_and_nobg/network_BP_gene_count_filtered_files/vis-9.1.0/img/network/connectIcon.png,<output_dir>/networks/with_bg_and_nobg/network_BP_gene_count_filtered_files/vis-9.1.0/img/network/connectIcon.png
networks/with_bg_and_nobg/network_BP_gene_count_filtered_files/vis-9.1.0/img/network/cross.png,<output_dir>/networks/with_bg_and_nobg/network_BP_gene_count_filtered_files/vis-9.1.0/img/network/cross.png
networks/with_bg_and_nobg/network_BP_gene_count_filtered_files/vis-9.1.0/img/network/cross2.png,<output_dir>/networks/with_bg_and_nobg/network_BP_gene_count_filtered_files/vis-9.1.0/img/network/cross2.png
networks/with_bg_and_nobg/network_BP_gene_count_filtered_files/vis-9.1.0/img/network/deleteIcon.png,<output_dir>/networks/with_bg_and_nobg/network_BP_gene_count_filtered_files/vis-9.1.0/img/network/deleteIcon.png
networks/with_bg_and_nobg/network_BP_gene_count_filtered_files/vis-9.1.0/img/network/downArrow.png,<output_dir>/networks/with_bg_and_nobg/network_BP_gene_count_filtered_files/vis-9.1.0/img/network/downArrow.png
networks/with_bg_and_nobg/network_BP_gene_count_filtered_files/vis-9.1.0/img/network/editIcon.png,<output_dir>/networks/with_bg_and_nobg/network_BP_gene_count_filtered_files/vis-9.1.0/img/network/editIcon.png
networks/with_bg_and_nobg/network_BP_gene_count_filtered_files/vis-9.1.0/img/network/leftArrow.png,<output_dir>/networks/with_bg_and_nobg/network_BP_gene_count_filtered_files/vis-9.1.0/img/network/leftArrow.png
networks/with_bg_and_nobg/network_BP_gene_count_filtered_files/vis-9.1.0/img/network/minus.png,<output_dir>/networks/with_bg_and_nobg/network_BP_gene_count_filtered_files/vis-9.1.0/img/network/minus.png
networks/with_bg_and_nobg/network_BP_gene_count_filtered_files/vis-9.1.0/img/network/plus.png,<output_dir>/networks/with_bg_and_nobg/network_BP_gene_count_filtered_files/vis-9.1.0/img/network/plus.png
networks/with_bg_and_nobg/network_BP_gene_count_filtered_files/vis-9.1.0/img/network/rightArrow.png,<output_dir>/networks/with_bg_and_nobg/network_BP_gene_count_filtered_files/vis-9.1.0/img/network/rightArrow.png
networks/with_bg_and_nobg/network_BP_gene_count_filtered_files/vis-9.1.0/img/network/upArrow.png,<output_dir>/networks/with_bg_and_nobg/network_BP_gene_count_filtered_files/vis-9.1.0/img/network/upArrow.png
networks/with_bg_and_nobg/network_BP_gene_count_filtered_files/vis-9.1.0/img/network/zoomExtends.png,<output_dir>/networks/with_bg_and_nobg/network_BP_gene_count_filtered_files/vis-9.1.0/img/network/zoomExtends.png
networks/with_bg_and_nobg/network_BP_gene_count_filtered_files/vis-9.1.0/vis-network.min.css,<output_dir>/networks/with_bg_and_nobg/network_BP_gene_count_filtered_files/vis-9.1.0/vis-network.min.css
networks/with_bg_and_nobg/network_BP_gene_count_filtered_files/vis-9.1.0/vis-network.min.js,<output_dir>/networks/with_bg_and_nobg/network_BP_gene_count_filtered_files/vis-9.1.0/vis-network.min.js
networks/with_bg_and_nobg/network_BP_gene_count_filtered_files/visNetwork-binding-2.1.4/visNetwork.js,<output_dir>/networks/with_bg_and_nobg/network_BP_gene_count_filtered_files/visNetwork-binding-2.1.4/visNetwork.js
networks/with_bg_and_nobg/network_MF_gene_count.graphml,<output_dir>/networks/with_bg_and_nobg/network_MF_gene_count.graphml
networks/with_bg_and_nobg/network_MF_gene_count_filtered.html,<output_dir>/networks/with_bg_and_nobg/network_MF_gene_count_filtered.html
networks/with_bg_and_nobg/network_MF_gene_count_filtered.pdf,<output_dir>/networks/with_bg_and_nobg/network_MF_gene_count_filtered.pdf
networks/with_bg_and_nobg/network_MF_gene_count_filtered.svg,<output_dir>/networks/with_bg_and_nobg/network_MF_gene_count_filtered.svg
networks/with_bg_and_nobg/network_MF_gene_count_filtered_files/htmltools-fill-0.5.8.1/fill.css,<output_dir>/networks/with_bg_and_nobg/network_MF_gene_count_filtered_files/htmltools-fill-0.5.8.1/fill.css
networks/with_bg_and_nobg/network_MF_gene_count_filtered_files/htmlwidgets-1.6.4/htmlwidgets.js,<output_dir>/networks/with_bg_and_nobg/network_MF_gene_count_filtered_files/htmlwidgets-1.6.4/htmlwidgets.js
networks/with_bg_and_nobg/network_MF_gene_count_filtered_files/vis-9.1.0/add_css.txt,<output_dir>/networks/with_bg_and_nobg/network_MF_gene_count_filtered_files/vis-9.1.0/add_css.txt
networks/with_bg_and_nobg/network_MF_gene_count_filtered_files/vis-9.1.0/img/network/acceptDeleteIcon.png,<output_dir>/networks/with_bg_and_nobg/network_MF_gene_count_filtered_files/vis-9.1.0/img/network/acceptDeleteIcon.png
networks/with_bg_and_nobg/network_MF_gene_count_filtered_files/vis-9.1.0/img/network/addNodeIcon.png,<output_dir>/networks/with_bg_and_nobg/network_MF_gene_count_filtered_files/vis-9.1.0/img/network/addNodeIcon.png
networks/with_bg_and_nobg/network_MF_gene_count_filtered_files/vis-9.1.0/img/network/backIcon.png,<output_dir>/networks/with_bg_and_nobg/network_MF_gene_count_filtered_files/vis-9.1.0/img/network/backIcon.png
networks/with_bg_and_nobg/network_MF_gene_count_filtered_files/vis-9.1.0/img/network/connectIcon.png,<output_dir>/networks/with_bg_and_nobg/network_MF_gene_count_filtered_files/vis-9.1.0/img/network/connectIcon.png
networks/with_bg_and_nobg/network_MF_gene_count_filtered_files/vis-9.1.0/img/network/cross.png,<output_dir>/networks/with_bg_and_nobg/network_MF_gene_count_filtered_files/vis-9.1.0/img/network/cross.png
networks/with_bg_and_nobg/network_MF_gene_count_filtered_files/vis-9.1.0/img/network/cross2.png,<output_dir>/networks/with_bg_and_nobg/network_MF_gene_count_filtered_files/vis-9.1.0/img/network/cross2.png
networks/with_bg_and_nobg/network_MF_gene_count_filtered_files/vis-9.1.0/img/network/deleteIcon.png,<output_dir>/networks/with_bg_and_nobg/network_MF_gene_count_filtered_files/vis-9.1.0/img/network/deleteIcon.png
networks/with_bg_and_nobg/network_MF_gene_count_filtered_files/vis-9.1.0/img/network/downArrow.png,<output_dir>/networks/with_bg_and_nobg/network_MF_gene_count_filtered_files/vis-9.1.0/img/network/downArrow.png
networks/with_bg_and_nobg/network_MF_gene_count_filtered_files/vis-9.1.0/img/network/editIcon.png,<output_dir>/networks/with_bg_and_nobg/network_MF_gene_count_filtered_files/vis-9.1.0/img/network/editIcon.png
networks/with_bg_and_nobg/network_MF_gene_count_filtered_files/vis-9.1.0/img/network/leftArrow.png,<output_dir>/networks/with_bg_and_nobg/network_MF_gene_count_filtered_files/vis-9.1.0/img/network/leftArrow.png
networks/with_bg_and_nobg/network_MF_gene_count_filtered_files/vis-9.1.0/img/network/minus.png,<output_dir>/networks/with_bg_and_nobg/network_MF_gene_count_filtered_files/vis-9.1.0/img/network/minus.png
networks/with_bg_and_nobg/network_MF_gene_count_filtered_files/vis-9.1.0/img/network/plus.png,<output_dir>/networks/with_bg_and_nobg/network_MF_gene_count_filtered_files/vis-9.1.0/img/network/plus.png
networks/with_bg_and_nobg/network_MF_gene_count_filtered_files/vis-9.1.0/img/network/rightArrow.png,<output_dir>/networks/with_bg_and_nobg/network_MF_gene_count_filtered_files/vis-9.1.0/img/network/rightArrow.png
networks/with_bg_and_nobg/network_MF_gene_count_filtered_files/vis-9.1.0/img/network/upArrow.png,<output_dir>/networks/with_bg_and_nobg/network_MF_gene_count_filtered_files/vis-9.1.0/img/network/upArrow.png
networks/with_bg_and_nobg/network_MF_gene_count_filtered_files/vis-9.1.0/img/network/zoomExtends.png,<output_dir>/networks/with_bg_and_nobg/network_MF_gene_count_filtered_files/vis-9.1.0/img/network/zoomExtends.png
networks/with_bg_and_nobg/network_MF_gene_count_filtered_files/vis-9.1.0/vis-network.min.css,<output_dir>/networks/with_bg_and_nobg/network_MF_gene_count_filtered_files/vis-9.1.0/vis-network.min.css
networks/with_bg_and_nobg/network_MF_gene_count_filtered_files/vis-9.1.0/vis-network.min.js,<output_dir>/networks/with_bg_and_nobg/network_MF_gene_count_filtered_files/vis-9.1.0/vis-network.min.js
networks/with_bg_and_nobg/network_MF_gene_count_filtered_files/visNetwork-binding-2.1.4/visNetwork.js,<output_dir>/networks/with_bg_and_nobg/network_MF_gene_count_filtered_files/visNetwork-binding-2.1.4/visNetwork.js
rrvgo/rrvgo_true_consensus_with_bg/OrgDb=org.Mm.eg.db/rrvgo_BP_bubbleplot.pdf,<output_dir>/rrvgo/rrvgo_true_consensus_with_bg/OrgDb=org.Mm.eg.db/rrvgo_BP_bubbleplot.pdf
rrvgo/rrvgo_true_consensus_with_bg/OrgDb=org.Mm.eg.db/rrvgo_BP_clusters.csv,<output_dir>/rrvgo/rrvgo_true_consensus_with_bg/OrgDb=org.Mm.eg.db/rrvgo_BP_clusters.csv
rrvgo/rrvgo_true_consensus_with_bg/OrgDb=org.Mm.eg.db/rrvgo_BP_heatmap.pdf,<output_dir>/rrvgo/rrvgo_true_consensus_with_bg/OrgDb=org.Mm.eg.db/rrvgo_BP_heatmap.pdf
rrvgo/rrvgo_true_consensus_with_bg/OrgDb=org.Mm.eg.db/rrvgo_BP_scatterplot.pdf,<output_dir>/rrvgo/rrvgo_true_consensus_with_bg/OrgDb=org.Mm.eg.db/rrvgo_BP_scatterplot.pdf
rrvgo/rrvgo_true_consensus_with_bg/OrgDb=org.Mm.eg.db/rrvgo_BP_treemap.pdf,<output_dir>/rrvgo/rrvgo_true_consensus_with_bg/OrgDb=org.Mm.eg.db/rrvgo_BP_treemap.pdf
rrvgo/rrvgo_true_consensus_with_bg/OrgDb=org.Mm.eg.db/rrvgo_BP_wordcloud.pdf,<output_dir>/rrvgo/rrvgo_true_consensus_with_bg/OrgDb=org.Mm.eg.db/rrvgo_BP_wordcloud.pdf
